seconds,107_flow,107_density,107_speed,105_flow,105_density,105_speed,108_flow,108_density,108_speed,103_flow,103_density,103_speed
1,2,0.049333333,40.54054054,5,0.0872,57.33944954,4,0.054,74.07407407,3,0.188,15.95744681
2,4,0.060888889,65.69343066,4,0.076,52.63157895,7,0.0616,113.6363636,3,0.174,17.24137931
3,1,0.061333333,16.30434783,5,0.0712,70.2247191,7,0.0616,113.6363636,5,0.156,32.05128205
4,3,0.069777778,42.99363057,6,0.0732,81.96721311,6,0.0364,164.8351648,9,0.171,52.63157895
5,1,0.052,19.23076923,5,0.084,59.52380952,4,0.046,86.95652174,7,0.208,33.65384615
6,1,0.055111111,18.14516129,8,0.07,114.2857143,7,0.0468,149.5726496,1,0.187,5.347593583
7,2,0.056444444,35.43307087,6,0.0752,79.78723404,5,0.0448,111.6071429,1,0.17,5.882352941
8,1,0.062666667,15.95744681,4,0.0688,58.13953488,5,0.0536,93.28358209,4,0.082,48.7804878
9,2,0.059555556,33.58208955,9,0.0568,158.4507042,4,0.0472,84.74576271,3,0.124,24.19354839
10,1,0.053333333,18.75,5,0.07,71.42857143,7,0.0432,162.037037,2,0.124,16.12903226
11,3,0.051111111,58.69565217,1,0.0604,16.55629139,2,0.044,45.45454545,5,0.136,36.76470588
12,1,0.053777778,18.59504132,2,0.0592,33.78378378,6,0.05,120,3,0.166,18.07228916
13,2,0.053777778,37.19008264,8,0.076,105.2631579,6,0.0448,133.9285714,6,0.184,32.60869565
14,2,0.052444444,38.13559322,4,0.0756,52.91005291,3,0.0404,74.25742574,4,0.204,19.60784314
15,2,0.051111111,39.13043478,6,0.0724,82.87292818,1,0.0424,23.58490566,5,0.199,25.12562814
16,1,0.058666667,17.04545455,4,0.0564,70.92198582,7,0.0492,142.2764228,8,0.183,43.71584699
17,2,0.046666667,42.85714286,3,0.068,44.11764706,5,0.0568,88.02816901,9,0.199,45.22613065
18,2,0.056444444,35.43307087,5,0.0808,61.88118812,7,0.044,159.0909091,4,0.216,18.51851852
19,1,0.044888889,22.27722772,9,0.0652,138.0368098,3,0.0308,97.4025974,3,0.243,12.34567901
20,1,0.055555556,18,4,0.0784,51.02040816,7,0.0672,104.1666667,6,0.24,25
21,1,0.053777778,18.59504132,7,0.074,94.59459459,5,0.0536,93.28358209,5,0.192,26.04166667
22,1,0.047555556,21.02803738,4,0.064,62.5,6,0.052,115.3846154,7,0.183,38.25136612
23,2,0.055111111,36.29032258,4,0.0628,63.69426752,4,0.0464,86.20689655,7,0.125,56
24,1,0.037777778,26.47058824,8,0.0512,156.25,7,0.0404,173.2673267,3,0.154,19.48051948
25,1,0.047111111,21.22641509,4,0.072,55.55555556,4,0.0332,120.4819277,8,0.155,51.61290323
26,1,0.051111111,19.56521739,8,0.0824,97.08737864,4,0.0332,120.4819277,4,0.138,28.98550725
27,3,0.056444444,53.1496063,5,0.0936,53.41880342,4,0.0424,94.33962264,6,0.149,40.26845638
28,6,0.052,115.3846154,7,0.0968,72.31404959,2,0.064,31.25,4,0.147,27.21088435
29,4,0.059111111,67.66917293,5,0.086,58.13953488,3,0.0372,80.64516129,10,0.189,52.91005291
30,1,0.052444444,19.06779661,9,0.0816,110.2941176,3,0.0204,147.0588235,5,0.174,28.73563218
31,1,0.048888889,20.45454545,9,0.0908,99.11894273,5,0.0428,116.8224299,2,0.176,11.36363636
32,1,0.081333333,12.29508197,7,0.0888,78.82882883,3,0.0432,69.44444444,6,0.186,32.25806452
33,2,0.06,33.33333333,4,0.0656,60.97560976,3,0.044,68.18181818,2,0.185,10.81081081
34,2,0.041333333,48.38709677,5,0.1052,47.52851711,4,0.0552,72.46376812,4,0.213,18.77934272
35,1,0.066666667,15,9,0.0896,100.4464286,4,0.0436,91.74311927,11,0.186,59.13978495
36,2,0.067555556,29.60526316,5,0.0896,55.80357143,5,0.0392,127.5510204,3,0.216,13.88888889
37,2,0.061777778,32.37410072,6,0.082,73.17073171,5,0.0432,115.7407407,4,0.215,18.60465116
38,4,0.061333333,65.2173913,4,0.098,40.81632653,3,0.03,100,3,0.176,17.04545455
39,2,0.060888889,32.84671533,10,0.1104,90.57971014,1,0.0492,20.32520325,6,0.189,31.74603175
40,1,0.056888889,17.578125,1,0.0992,10.08064516,4,0.0448,89.28571429,5,0.175,28.57142857
41,2,0.054666667,36.58536585,5,0.082,60.97560976,3,0.0516,58.13953488,4,0.128,31.25
42,4,0.053333333,75,10,0.0832,120.1923077,3,0.0492,60.97560976,7,0.16,43.75
43,4,0.048888889,81.81818182,5,0.0964,51.86721992,4,0.0468,85.47008547,4,0.191,20.94240838
44,1,0.063555556,15.73426573,6,0.0888,67.56756757,5,0.0484,103.3057851,4,0.208,19.23076923
45,6,0.056888889,105.46875,4,0.0908,44.05286344,4,0.0456,87.71929825,9,0.179,50.27932961
46,1,0.056888889,17.578125,4,0.0904,44.24778761,4,0.0424,94.33962264,2,0.179,11.17318436
47,1,0.050666667,19.73684211,8,0.0928,86.20689655,7,0.0408,171.5686275,5,0.208,24.03846154
48,2,0.054666667,36.58536585,1,0.0932,10.72961373,4,0.0412,97.08737864,5,0.232,21.55172414
49,1,0.050666667,19.73684211,5,0.0696,71.83908046,5,0.0412,121.3592233,2,0.184,10.86956522
50,2,0.056888889,35.15625,5,0.0816,61.2745098,6,0.05,120,4,0.22,18.18181818
51,2,0.049777778,40.17857143,4,0.0924,43.29004329,4,0.0436,91.74311927,1,0.18,5.555555556
52,4,0.054222222,73.7704918,7,0.07,100,6,0.0472,127.1186441,2,0.174,11.49425287
53,1,0.064,15.625,6,0.072,83.33333333,4,0.0512,78.125,10,0.22,45.45454545
54,2,0.052888889,37.81512605,4,0.0632,63.29113924,4,0.0436,91.74311927,7,0.246,28.45528455
55,1,0.063111111,15.84507042,8,0.0672,119.047619,4,0.0452,88.49557522,16,0.246,65.04065041
56,5,0.057777778,86.53846154,2,0.064,31.25,4,0.0464,86.20689655,2,0.266,7.518796992
57,3,0.080888889,37.08791209,5,0.0432,115.7407407,7,0.0588,119.047619,8,0.217,36.86635945
58,4,0.059111111,67.66917293,3,0.0556,53.95683453,8,0.0708,112.9943503,2,0.234,8.547008547
59,4,0.061333333,65.2173913,7,0.072,97.22222222,6,0.0572,104.8951049,9,0.179,50.27932961
60,4,0.061333333,65.2173913,5,0.0636,78.6163522,6,0.0432,138.8888889,2,0.164,12.19512195
61,2,0.061333333,32.60869565,5,0.066,75.75757576,2,0.0504,39.68253968,6,0.205,29.26829268
62,1,0.059555556,16.79104478,4,0.0704,56.81818182,8,0.06,133.3333333,6,0.195,30.76923077
63,1,0.054666667,18.29268293,5,0.0652,76.68711656,4,0.0524,76.33587786,3,0.179,16.75977654
64,2,0.045777778,43.68932039,2,0.0748,26.73796791,5,0.0444,112.6126126,3,0.182,16.48351648
65,6,0.047555556,126.1682243,5,0.0776,64.43298969,6,0.0432,138.8888889,4,0.188,21.27659574
66,3,0.065777778,45.60810811,4,0.062,64.51612903,3,0.0472,63.55932203,3,0.162,18.51851852
67,2,0.063555556,31.46853147,5,0.0684,73.0994152,4,0.042,95.23809524,2,0.18,11.11111111
68,1,0.072,13.88888889,6,0.0832,72.11538462,3,0.0336,89.28571429,5,0.158,31.64556962
69,1,0.057777778,17.30769231,1,0.066,15.15151515,5,0.05,100,2,0.165,12.12121212
70,4,0.057777778,69.23076923,10,0.09,111.1111111,3,0.0508,59.05511811,6,0.192,31.25
71,2,0.056888889,35.15625,8,0.0892,89.68609865,5,0.042,119.047619,3,0.162,18.51851852
72,2,0.061777778,32.37410072,9,0.0832,108.1730769,5,0.0464,107.7586207,3,0.173,17.34104046
73,2,0.063111111,31.69014085,11,0.0796,138.1909548,7,0.0432,162.037037,7,0.173,40.46242775
74,1,0.061777778,16.18705036,9,0.0716,125.698324,7,0.0468,149.5726496,2,0.152,13.15789474
75,2,0.052,38.46153846,10,0.0792,126.2626263,2,0.0376,53.19148936,8,0.172,46.51162791
76,1,0.062666667,15.95744681,7,0.0964,72.61410788,3,0.0444,67.56756757,4,0.183,21.8579235
77,4,0.062222222,64.28571429,10,0.0896,111.6071429,3,0.0168,178.5714286,6,0.197,30.45685279
78,1,0.059555556,16.79104478,8,0.0764,104.7120419,1,0.014,71.42857143,5,0.165,30.3030303
79,1,0.052888889,18.90756303,9,0.08,112.5,5,0.0536,93.28358209,3,0.138,21.73913043
80,2,0.066666667,30,10,0.0836,119.6172249,4,0.0484,82.6446281,4,0.179,22.34636872
81,4,0.044444444,90,5,0.0776,64.43298969,5,0.068,73.52941176,7,0.202,34.65346535
82,1,0.056444444,17.71653543,5,0.0864,57.87037037,2,0.0464,43.10344828,5,0.214,23.36448598
83,1,0.062222222,16.07142857,5,0.0964,51.86721992,4,0.0396,101.010101,6,0.183,32.78688525
84,2,0.064,31.25,11,0.0768,143.2291667,4,0.0408,98.03921569,11,0.205,53.65853659
85,6,0.075111111,79.8816568,5,0.0712,70.2247191,4,0.0344,116.2790698,2,0.196,10.20408163
86,1,0.056,17.85714286,4,0.08,50,8,0.0516,155.0387597,2,0.187,10.69518717
87,2,0.053333333,37.5,7,0.0872,80.27522936,4,0.0448,89.28571429,4,0.138,28.98550725
88,3,0.047555556,63.08411215,3,0.0824,36.40776699,6,0.048,125,8,0.149,53.69127517
89,1,0.058222222,17.17557252,9,0.0896,100.4464286,7,0.0588,119.047619,1,0.164,6.097560976
90,3,0.058666667,51.13636364,6,0.0964,62.2406639,5,0.052,96.15384615,9,0.186,48.38709677
91,4,0.060444444,66.17647059,10,0.0864,115.7407407,6,0.0516,116.2790698,4,0.196,20.40816327
92,3,0.054666667,54.87804878,13,0.0856,151.8691589,9,0.0576,156.25,3,0.215,13.95348837
93,1,0.068444444,14.61038961,6,0.0784,76.53061224,7,0.0468,149.5726496,1,0.171,5.847953216
94,1,0.056444444,17.71653543,7,0.084,83.33333333,6,0.046,130.4347826,6,0.166,36.14457831
95,2,0.061333333,32.60869565,12,0.0864,138.8888889,6,0.0492,121.9512195,7,0.162,43.20987654
96,2,0.032444444,61.64383562,7,0.0912,76.75438596,6,0.0676,88.75739645,1,0.17,5.882352941
97,2,0.061777778,32.37410072,2,0.0748,26.73796791,5,0.0576,86.80555556,6,0.243,24.69135802
98,2,0.050666667,39.47368421,8,0.096,83.33333333,6,0.0572,104.8951049,4,0.14,28.57142857
99,3,0.060888889,49.27007299,10,0.0932,107.2961373,6,0.054,111.1111111,5,0.156,32.05128205
100,1,0.057333333,17.44186047,8,0.0904,88.49557522,7,0.0396,176.7676768,4,0.224,17.85714286
101,3,0.053333333,56.25,7,0.0948,73.83966245,5,0.0368,135.8695652,13,0.212,61.32075472
102,1,0.060444444,16.54411765,10,0.0892,112.1076233,4,0.0488,81.96721311,6,0.196,30.6122449
103,4,0.064,62.5,7,0.0992,70.56451613,5,0.0536,93.28358209,4,0.23,17.39130435
104,1,0.061777778,16.18705036,11,0.0944,116.5254237,5,0.036,138.8888889,4,0.211,18.95734597
105,1,0.060444444,16.54411765,10,0.1108,90.25270758,5,0.0372,134.4086022,4,0.127,31.49606299
106,1,0.065777778,15.2027027,7,0.1168,59.93150685,3,0.04,75,5,0.196,25.51020408
107,2,0.067111111,29.8013245,8,0.09,88.88888889,8,0.0512,156.25,4,0.208,19.23076923
108,4,0.052444444,76.27118644,10,0.0864,115.7407407,2,0.0216,92.59259259,6,0.203,29.55665025
109,3,0.064888889,46.23287671,11,0.084,130.952381,1,0.0172,58.13953488,3,0.197,15.2284264
110,2,0.058222222,34.35114504,6,0.0824,72.81553398,3,0.0352,85.22727273,5,0.169,29.58579882
111,2,0.060444444,33.08823529,11,0.0672,163.6904762,5,0.0412,121.3592233,4,0.163,24.5398773
112,2,0.061777778,32.37410072,10,0.094,106.3829787,4,0.042,95.23809524,3,0.177,16.94915254
113,4,0.063555556,62.93706294,10,0.0772,129.5336788,3,0.0396,75.75757576,6,0.206,29.12621359
114,2,0.068,29.41176471,18,0.1084,166.0516605,5,0.0468,106.8376068,2,0.194,10.30927835
115,4,0.049777778,80.35714286,11,0.0936,117.5213675,6,0.0448,133.9285714,9,0.221,40.7239819
116,1,0.067111111,14.90066225,14,0.0856,163.5514019,7,0.0476,147.0588235,1,0.218,4.587155963
117,3,0.064444444,46.55172414,7,0.0676,103.5502959,4,0.0516,77.51937984,3,0.192,15.625
118,1,0.070666667,14.1509434,12,0.0976,122.9508197,2,0.048,41.66666667,6,0.187,32.0855615
119,2,0.062666667,31.91489362,13,0.0776,167.5257732,3,0.0512,58.59375,8,0.145,55.17241379
120,3,0.051111111,58.69565217,10,0.0928,107.7586207,7,0.0544,128.6764706,6,0.154,38.96103896
121,1,0.053777778,18.59504132,9,0.0796,113.0653266,2,0.0464,43.10344828,11,0.18,61.11111111
122,2,0.055555556,36,9,0.102,88.23529412,4,0.046,86.95652174,5,0.186,26.88172043
123,1,0.043111111,23.19587629,13,0.0876,148.4018265,5,0.046,108.6956522,4,0.099,40.4040404
124,2,0.059555556,33.58208955,11,0.0856,128.5046729,5,0.0384,130.2083333,8,0.073,109.5890411
125,3,0.064888889,46.23287671,5,0.0772,64.76683938,2,0.016,125,6,0.108,55.55555556
126,5,0.060444444,82.72058824,6,0.0892,67.26457399,4,0.0512,78.125,1,0.135,7.407407407
127,3,0.049333333,60.81081081,4,0.0852,46.94835681,3,0.0392,76.53061224,1,0.117,8.547008547
128,1,0.053777778,18.59504132,10,0.0864,115.7407407,3,0.046,65.2173913,1,0.118,8.474576271
129,1,0.044444444,22.5,7,0.0644,108.6956522,4,0.0516,77.51937984,5,0.173,28.9017341
130,2,0.049777778,40.17857143,6,0.0788,76.14213198,4,0.036,111.1111111,4,0.178,22.47191011
131,1,0.044444444,22.5,8,0.0772,103.626943,5,0.0544,91.91176471,5,0.221,22.62443439
132,1,0.046666667,21.42857143,10,0.0852,117.370892,2,0.0432,46.2962963,2,0.198,10.1010101
133,1,0.054222222,18.44262295,5,0.0852,58.68544601,4,0.0476,84.03361345,2,0.197,10.15228426
134,2,0.051555556,38.79310345,3,0.0752,39.89361702,5,0.0504,99.20634921,5,0.198,25.25252525
135,2,0.048888889,40.90909091,2,0.0756,26.45502646,4,0.048,83.33333333,6,0.185,32.43243243
136,1,0.055555556,18,5,0.0776,64.43298969,9,0.058,155.1724138,9,0.201,44.7761194
137,3,0.059555556,50.37313433,3,0.0852,35.21126761,4,0.0548,72.99270073,3,0.215,13.95348837
138,3,0.063111111,47.53521127,7,0.0784,89.28571429,4,0.0508,78.74015748,3,0.16,18.75
139,3,0.063555556,47.2027972,3,0.0788,38.07106599,4,0.0384,104.1666667,4,0.178,22.47191011
140,4,0.047555556,84.11214953,6,0.0684,87.71929825,6,0.0448,133.9285714,4,0.196,20.40816327
141,4,0.064888889,61.64383562,6,0.0668,89.82035928,3,0.0448,66.96428571,15,0.162,92.59259259
142,6,0.086222222,69.58762887,4,0.0552,72.46376812,4,0.044,90.90909091,6,0.213,28.16901408
143,2,0.078222222,25.56818182,7,0.068,102.9411765,2,0.0488,40.98360656,5,0.229,21.83406114
144,2,0.068,29.41176471,7,0.062,112.9032258,6,0.0428,140.1869159,4,0.219,18.26484018
145,4,0.068888889,58.06451613,4,0.076,52.63157895,8,0.0512,156.25,2,0.252,7.936507937
146,1,0.064888889,15.4109589,2,0.0536,37.31343284,5,0.0636,78.6163522,7,0.21,33.33333333
147,3,0.065777778,45.60810811,7,0.0556,125.8992806,8,0.0648,123.4567901,10,0.196,51.02040816
148,5,0.056888889,87.890625,1,0.0468,21.36752137,7,0.0436,160.5504587,2,0.206,9.708737864
149,3,0.060444444,49.63235294,6,0.0528,113.6363636,3,0.0632,47.46835443,7,0.224,31.25
150,4,0.049777778,80.35714286,4,0.0776,51.54639175,5,0.0624,80.12820513,8,0.221,36.19909502
151,2,0.057333333,34.88372093,3,0.0972,30.86419753,2,0.0432,46.2962963,3,0.174,17.24137931
152,1,0.053333333,18.75,2,0.0596,33.55704698,3,0.0244,122.9508197,12,0.205,58.53658537
153,1,0.065333333,15.30612245,2,0.0548,36.49635036,3,0.02,150,2,0.214,9.345794393
154,2,0.059555556,33.58208955,7,0.0584,119.8630137,2,0.0412,48.54368932,3,0.166,18.07228916
155,2,0.070666667,28.30188679,7,0.0808,86.63366337,4,0.0396,101.010101,4,0.137,29.19708029
156,1,0.056,17.85714286,4,0.0728,54.94505495,7,0.0464,150.862069,7,0.168,41.66666667
157,2,0.063111111,31.69014085,7,0.084,83.33333333,1,0.0492,20.32520325,9,0.2,45
158,4,0.060444444,66.17647059,6,0.0656,91.46341463,4,0.0388,103.0927835,11,0.194,56.70103093
159,5,0.064888889,77.05479452,3,0.0656,45.73170732,2,0.0528,37.87878788,2,0.186,10.75268817
160,6,0.06,100,1,0.0572,17.48251748,3,0.036,83.33333333,4,0.169,23.66863905
161,1,0.059555556,16.79104478,7,0.052,134.6153846,5,0.0668,74.8502994,4,0.176,22.72727273
162,1,0.042222222,23.68421053,7,0.0548,127.7372263,5,0.048,104.1666667,3,0.171,17.54385965
163,1,0.069777778,14.33121019,4,0.0576,69.44444444,5,0.0424,117.9245283,5,0.175,28.57142857
164,2,0.054222222,36.8852459,2,0.0524,38.16793893,7,0.0432,162.037037,9,0.157,57.32484076
165,2,0.056444444,35.43307087,3,0.042,71.42857143,1,0.034,29.41176471,1,0.203,4.926108374
166,4,0.065777778,60.81081081,3,0.0468,64.1025641,4,0.0436,91.74311927,3,0.213,14.08450704
167,1,0.055111111,18.14516129,9,0.0608,148.0263158,3,0.0412,72.81553398,3,0.168,17.85714286
168,1,0.056,17.85714286,2,0.0692,28.9017341,8,0.0488,163.9344262,2,0.135,14.81481481
169,3,0.048888889,61.36363636,1,0.0244,40.98360656,7,0.0392,178.5714286,3,0.171,17.54385965
170,2,0.055111111,36.29032258,2,0.0456,43.85964912,7,0.0396,176.7676768,8,0.157,50.95541401
171,3,0.028888889,103.8461538,4,0.0524,76.33587786,7,0.0608,115.1315789,8,0.176,45.45454545
172,1,0.069333333,14.42307692,4,0.052,76.92307692,7,0.0416,168.2692308,4,0.168,23.80952381
173,4,0.051111111,78.26086957,3,0.0568,52.81690141,3,0.042,71.42857143,2,0.181,11.04972376
174,1,0.051555556,19.39655172,3,0.0568,52.81690141,9,0.0604,149.0066225,2,0.189,10.58201058
175,1,0.049333333,20.27027027,2,0.0568,35.21126761,1,0.0372,26.88172043,10,0.176,56.81818182
176,5,0.055111111,90.72580645,8,0.0648,123.4567901,5,0.0304,164.4736842,5,0.194,25.77319588
177,2,0.062222222,32.14285714,6,0.0748,80.21390374,2,0.0304,65.78947368,4,0.178,22.47191011
178,3,0.065777778,45.60810811,5,0.0624,80.12820513,4,0.0396,101.010101,3,0.167,17.96407186
179,1,0.051555556,19.39655172,5,0.06,83.33333333,6,0.0408,147.0588235,3,0.109,27.52293578
180,2,0.061333333,32.60869565,3,0.0724,41.43646409,3,0.0484,61.98347107,6,0.092,65.2173913
181,3,0.055555556,54,6,0.0476,126.0504202,1,0.0432,23.14814815,8,0.196,40.81632653
182,1,0.034222222,29.22077922,7,0.0764,91.62303665,4,0.0296,135.1351351,8,0.176,45.45454545
183,2,0.058666667,34.09090909,5,0.076,65.78947368,2,0.0344,58.13953488,10,0.164,60.97560976
184,2,0.068,29.41176471,7,0.0616,113.6363636,2,0.034,58.82352941,4,0.21,19.04761905
185,2,0.054666667,36.58536585,5,0.0884,56.56108597,2,0.0448,44.64285714,7,0.192,36.45833333
186,2,0.039555556,50.56179775,7,0.0768,91.14583333,5,0.038,131.5789474,14,0.189,74.07407407
187,2,0.052888889,37.81512605,3,0.0616,48.7012987,4,0.03,133.3333333,5,0.184,27.17391304
188,6,0.043111111,139.1752577,4,0.0632,63.29113924,2,0.0156,128.2051282,6,0.215,27.90697674
189,3,0.056,53.57142857,5,0.066,75.75757576,4,0.038,105.2631579,4,0.169,23.66863905
190,1,0.047555556,21.02803738,1,0.0656,15.24390244,4,0.0324,123.4567901,4,0.195,20.51282051
191,2,0.051555556,38.79310345,4,0.0496,80.64516129,5,0.0288,173.6111111,3,0.165,18.18181818
192,4,0.052444444,76.27118644,5,0.06,83.33333333,3,0.0392,76.53061224,8,0.222,36.03603604
193,3,0.047555556,63.08411215,2,0.0592,33.78378378,5,0.0688,72.6744186,9,0.172,52.3255814
194,3,0.064,46.875,5,0.0512,97.65625,6,0.0348,172.4137931,3,0.179,16.75977654
195,3,0.056,53.57142857,7,0.0608,115.1315789,5,0.052,96.15384615,4,0.177,22.59887006
196,3,0.049333333,60.81081081,1,0.0616,16.23376623,4,0.0376,106.3829787,3,0.184,16.30434783
197,5,0.056,89.28571429,3,0.0544,55.14705882,5,0.0564,88.65248227,2,0.168,11.9047619
198,1,0.063555556,15.73426573,4,0.0564,70.92198582,4,0.0524,76.33587786,16,0.193,82.9015544
199,3,0.048,62.5,4,0.0456,87.71929825,3,0.0296,101.3513514,1,0.205,4.87804878
200,1,0.059555556,16.79104478,3,0.0564,53.19148936,6,0.052,115.3846154,7,0.157,44.58598726
201,1,0.061777778,16.18705036,5,0.0636,78.6163522,10,0.0624,160.2564103,4,0.21,19.04761905
202,1,0.068,14.70588235,6,0.0804,74.62686567,3,0.0396,75.75757576,3,0.154,19.48051948
203,1,0.060888889,16.42335766,3,0.0592,50.67567568,3,0.0404,74.25742574,6,0.177,33.89830508
204,5,0.055555556,90,6,0.0748,80.21390374,3,0.0348,86.20689655,3,0.179,16.75977654
205,1,0.056888889,17.578125,1,0.0512,19.53125,1,0.0436,22.93577982,4,0.201,19.90049751
206,2,0.068,29.41176471,7,0.0712,98.31460674,6,0.0436,137.6146789,8,0.175,45.71428571
207,2,0.055555556,36,5,0.0564,88.65248227,4,0.0376,106.3829787,5,0.209,23.92344498
208,2,0.065333333,30.6122449,6,0.054,111.1111111,3,0.0344,87.20930233,5,0.194,25.77319588
209,2,0.065777778,30.40540541,2,0.0564,35.46099291,3,0.0516,58.13953488,2,0.22,9.090909091
210,3,0.059555556,50.37313433,1,0.036,27.77777778,3,0.0248,120.9677419,2,0.219,9.132420091
211,3,0.068444444,43.83116883,2,0.0308,64.93506494,1,0.0348,28.73563218,2,0.175,11.42857143
212,1,0.047111111,21.22641509,4,0.0548,72.99270073,2,0.0364,54.94505495,2,0.216,9.259259259
213,1,0.064,15.625,7,0.0808,86.63366337,5,0.0476,105.0420168,4,0.165,24.24242424
214,3,0.066222222,45.30201342,4,0.066,60.60606061,1,0.0392,25.51020408,4,0.185,21.62162162
215,2,0.066222222,30.20134228,4,0.06,66.66666667,3,0.0452,66.37168142,8,0.189,42.32804233
216,1,0.068444444,14.61038961,4,0.0732,54.64480874,2,0.0448,44.64285714,5,0.16,31.25
217,2,0.064888889,30.82191781,8,0.0764,104.7120419,1,0.0444,22.52252252,1,0.109,9.174311927
218,3,0.043111111,69.58762887,2,0.0664,30.12048193,5,0.0528,94.6969697,4,0.154,25.97402597
219,1,0.04,25,3,0.0564,53.19148936,6,0.0472,127.1186441,6,0.182,32.96703297
220,3,0.064444444,46.55172414,3,0.0448,66.96428571,2,0.0476,42.01680672,2,0.16,12.5
221,2,0.060888889,32.84671533,5,0.0604,82.78145695,6,0.0572,104.8951049,5,0.125,40
222,3,0.065333333,45.91836735,1,0.0428,23.36448598,2,0.0448,44.64285714,5,0.155,32.25806452
223,1,0.060444444,16.54411765,3,0.0456,65.78947368,5,0.0484,103.3057851,5,0.166,30.12048193
224,1,0.047111111,21.22641509,3,0.0536,55.97014925,3,0.0528,56.81818182,6,0.153,39.21568627
225,4,0.058666667,68.18181818,8,0.0632,126.5822785,3,0.0384,78.125,3,0.077,38.96103896
226,4,0.059555556,67.1641791,3,0.0976,30.73770492,5,0.04,125,5,0.126,39.68253968
227,3,0.064444444,46.55172414,5,0.0756,66.13756614,3,0.0372,80.64516129,5,0.136,36.76470588
228,2,0.072,27.77777778,6,0.076,78.94736842,2,0.0444,45.04504505,2,0.15,13.33333333
229,2,0.065333333,30.6122449,4,0.062,64.51612903,1,0.048,20.83333333,5,0.159,31.44654088
230,2,0.068444444,29.22077922,3,0.0524,57.2519084,5,0.0488,102.4590164,4,0.14,28.57142857
231,1,0.074222222,13.47305389,8,0.0532,150.3759398,2,0.0452,44.24778761,2,0.16,12.5
232,2,0.035111111,56.96202532,5,0.0492,101.6260163,2,0.0316,63.29113924,8,0.161,49.68944099
233,1,0.052444444,19.06779661,4,0.0716,55.86592179,3,0.0496,60.48387097,1,0.159,6.289308176
234,4,0.052888889,75.6302521,6,0.0548,109.4890511,3,0.0396,75.75757576,2,0.132,15.15151515
235,1,0.063111111,15.84507042,7,0.0656,106.7073171,3,0.0456,65.78947368,2,0.109,18.34862385
236,2,0.052444444,38.13559322,2,0.0728,27.47252747,6,0.0356,168.5393258,5,0.151,33.11258278
237,3,0.058222222,51.52671756,2,0.0632,31.64556962,1,0.036,27.77777778,2,0.132,15.15151515
238,3,0.051111111,58.69565217,4,0.0548,72.99270073,4,0.0328,121.9512195,4,0.185,21.62162162
239,3,0.06,50,1,0.0588,17.00680272,3,0.052,57.69230769,5,0.187,26.73796791
240,3,0.068,44.11764706,6,0.0448,133.9285714,1,0.042,23.80952381,4,0.19,21.05263158
241,2,0.062222222,32.14285714,8,0.076,105.2631579,6,0.0512,117.1875,3,0.187,16.04278075
242,2,0.060888889,32.84671533,3,0.0588,51.02040816,4,0.0312,128.2051282,3,0.206,14.5631068
243,2,0.068444444,29.22077922,5,0.0648,77.16049383,4,0.0532,75.18796992,7,0.142,49.29577465
244,3,0.077777778,38.57142857,4,0.0556,71.94244604,5,0.0408,122.5490196,2,0.152,13.15789474
245,1,0.067111111,14.90066225,3,0.0468,64.1025641,5,0.0416,120.1923077,5,0.169,29.58579882
246,5,0.052888889,94.53781513,3,0.0516,58.13953488,3,0.056,53.57142857,2,0.203,9.852216749
247,4,0.061777778,64.74820144,2,0.0696,28.73563218,5,0.0396,126.2626263,12,0.183,65.57377049
248,2,0.057333333,34.88372093,1,0.0512,19.53125,1,0.0324,30.86419753,5,0.12,41.66666667
249,1,0.059555556,16.79104478,2,0.0488,40.98360656,1,0.0264,37.87878788,2,0.136,14.70588235
250,1,0.051111111,19.56521739,1,0.0224,44.64285714,2,0.0424,47.16981132,2,0.138,14.49275362
251,1,0.046222222,21.63461538,2,0.0184,108.6956522,3,0.042,71.42857143,4,0.132,30.3030303
252,2,0.052888889,37.81512605,2,0.024,83.33333333,3,0.0576,52.08333333,5,0.159,31.44654088
253,2,0.054222222,36.8852459,4,0.0488,81.96721311,6,0.048,125,3,0.162,18.51851852
254,4,0.049777778,80.35714286,5,0.0652,76.68711656,5,0.0372,134.4086022,5,0.162,30.86419753
255,6,0.053777778,111.5702479,3,0.0556,53.95683453,8,0.0492,162.601626,10,0.2,50
256,2,0.049777778,40.17857143,6,0.0672,89.28571429,4,0.0512,78.125,4,0.177,22.59887006
257,3,0.051111111,58.69565217,6,0.064,93.75,4,0.0416,96.15384615,12,0.193,62.1761658
258,4,0.064888889,61.64383562,8,0.0816,98.03921569,1,0.0264,37.87878788,6,0.187,32.0855615
259,2,0.067555556,29.60526316,7,0.0872,80.27522936,2,0.056,35.71428571,5,0.193,25.90673575
260,3,0.046222222,64.90384615,2,0.0784,25.51020408,3,0.0364,82.41758242,4,0.19,21.05263158
261,5,0.072444444,69.01840491,3,0.0844,35.5450237,2,0.034,58.82352941,6,0.163,36.80981595
262,2,0.067111111,29.8013245,2,0.0796,25.12562814,4,0.0316,126.5822785,5,0.176,28.40909091
263,3,0.067555556,44.40789474,5,0.0768,65.10416667,3,0.0444,67.56756757,6,0.154,38.96103896
264,2,0.060888889,32.84671533,8,0.07,114.2857143,2,0.0384,52.08333333,7,0.142,49.29577465
265,3,0.060888889,49.27007299,8,0.0752,106.3829787,7,0.0532,131.5789474,6,0.177,33.89830508
266,1,0.056888889,17.578125,5,0.0712,70.2247191,6,0.0388,154.6391753,2,0.145,13.79310345
267,3,0.060888889,49.27007299,7,0.0608,115.1315789,2,0.0368,54.34782609,3,0.142,21.12676056
268,1,0.057333333,17.44186047,1,0.0792,12.62626263,3,0.0308,97.4025974,3,0.132,22.72727273
269,1,0.066222222,15.10067114,6,0.0452,132.7433628,3,0.0424,70.75471698,4,0.154,25.97402597
270,2,0.054666667,36.58536585,8,0.0532,150.3759398,3,0.0456,65.78947368,6,0.175,34.28571429
271,1,0.047111111,21.22641509,1,0.0328,30.48780488,3,0.042,71.42857143,4,0.122,32.78688525
272,1,0.053777778,18.59504132,7,0.07,100,2,0.0424,47.16981132,2,0.145,13.79310345
273,5,0.058666667,85.22727273,6,0.044,136.3636364,2,0.0416,48.07692308,5,0.151,33.11258278
274,3,0.052444444,57.20338983,6,0.0628,95.54140127,3,0.0552,54.34782609,4,0.174,22.98850575
275,3,0.075555556,39.70588235,1,0.0444,22.52252252,2,0.0364,54.94505495,3,0.1,30
276,1,0.066222222,15.10067114,4,0.0476,84.03361345,4,0.05,80,6,0.084,71.42857143
277,1,0.051111111,19.56521739,5,0.0504,99.20634921,3,0.0388,77.31958763,6,0.153,39.21568627
278,2,0.047111111,42.45283019,6,0.0708,84.74576271,5,0.046,108.6956522,3,0.188,15.95744681
279,2,0.052888889,37.81512605,5,0.0376,132.9787234,6,0.04,150,4,0.174,22.98850575
280,2,0.051111111,39.13043478,2,0.0344,58.13953488,4,0.0428,93.45794393,10,0.179,55.86592179
281,2,0.049777778,40.17857143,2,0.0492,40.6504065,1,0.0352,28.40909091,4,0.193,20.7253886
282,4,0.047555556,84.11214953,2,0.0488,40.98360656,3,0.0472,63.55932203,2,0.136,14.70588235
283,4,0.041777778,95.74468085,1,0.0056,178.5714286,6,0.042,142.8571429,4,0.142,28.16901408
284,3,0.058222222,51.52671756,4,0.0352,113.6363636,6,0.0376,159.5744681,6,0.149,40.26845638
285,4,0.050666667,78.94736842,9,0.0672,133.9285714,2,0.0168,119.047619,4,0.158,25.3164557
286,4,0.050666667,78.94736842,7,0.0644,108.6956522,3,0.0212,141.509434,5,0.168,29.76190476
287,2,0.064888889,30.82191781,2,0.0644,31.05590062,3,0.028,107.1428571,1,0.156,6.41025641
288,2,0.060444444,33.08823529,1,0.0516,19.37984496,2,0.0196,102.0408163,5,0.184,27.17391304
289,3,0.061777778,48.56115108,2,0.054,37.03703704,2,0.0476,42.01680672,1,0.139,7.194244604
290,5,0.051111111,97.82608696,7,0.0648,108.0246914,1,0.0388,25.77319588,3,0.1,30
291,5,0.044444444,112.5,4,0.0744,53.76344086,1,0.0432,23.14814815,4,0.096,41.66666667
292,1,0.058666667,17.04545455,2,0.068,29.41176471,3,0.0572,52.44755245,2,0.13,15.38461538
293,2,0.055111111,36.29032258,6,0.0616,97.4025974,3,0.0456,65.78947368,1,0.183,5.464480874
294,3,0.053333333,56.25,7,0.0464,150.862069,4,0.06,66.66666667,1,0.133,7.518796992
295,6,0.059111111,101.5037594,2,0.0348,57.47126437,6,0.0476,126.0504202,5,0.192,26.04166667
296,2,0.049333333,40.54054054,4,0.0584,68.49315068,3,0.0644,46.58385093,5,0.173,28.9017341
297,1,0.046666667,21.42857143,6,0.0884,67.87330317,6,0.054,111.1111111,1,0.17,5.882352941
298,2,0.053777778,37.19008264,2,0.052,38.46153846,5,0.0516,96.89922481,9,0.192,46.875
299,2,0.057333333,34.88372093,5,0.0668,74.8502994,3,0.0452,66.37168142,8,0.171,46.78362573
300,2,0.06,33.33333333,6,0.072,83.33333333,4,0.0524,76.33587786,1,0.148,6.756756757
301,2,0.06,33.33333333,9,0.0612,147.0588235,1,0.0392,25.51020408,6,0.161,37.26708075
302,3,0.060444444,49.63235294,2,0.0624,32.05128205,5,0.0368,135.8695652,1,0.216,4.62962963
303,3,0.054222222,55.32786885,5,0.0644,77.63975155,1,0.0196,51.02040816,13,0.145,89.65517241
304,2,0.050666667,39.47368421,5,0.0648,77.16049383,2,0.028,71.42857143,1,0.139,7.194244604
305,4,0.053777778,74.38016529,4,0.0628,63.69426752,2,0.0264,75.75757576,6,0.112,53.57142857
306,4,0.059555556,67.1641791,4,0.0636,62.89308176,7,0.0432,162.037037,3,0.11,27.27272727
307,2,0.055555556,36,4,0.0576,69.44444444,5,0.0392,127.5510204,6,0.072,83.33333333
308,3,0.045777778,65.53398058,7,0.084,83.33333333,4,0.0356,112.3595506,4,0.08,50
309,1,0.064444444,15.51724138,2,0.0412,48.54368932,2,0.0296,67.56756757,3,0.144,20.83333333
310,3,0.055555556,54,5,0.0364,137.3626374,1,0.0228,43.85964912,8,0.208,38.46153846
311,2,0.051111111,39.13043478,3,0.07,42.85714286,5,0.054,92.59259259,5,0.215,23.25581395
312,4,0.049333333,81.08108108,3,0.044,68.18181818,4,0.0404,99.00990099,10,0.178,56.17977528
313,1,0.049777778,20.08928571,3,0.0504,59.52380952,2,0.042,47.61904762,3,0.151,19.86754967
314,1,0.051111111,19.56521739,4,0.0568,70.42253521,5,0.0408,122.5490196,3,0.199,15.07537688
315,3,0.052888889,56.72268908,3,0.0668,44.91017964,4,0.0332,120.4819277,7,0.225,31.11111111
316,3,0.051555556,58.18965517,4,0.056,71.42857143,3,0.0448,66.96428571,7,0.21,33.33333333
317,3,0.058222222,51.52671756,5,0.06,83.33333333,3,0.0484,61.98347107,4,0.178,22.47191011
318,3,0.048,62.5,2,0.0576,34.72222222,2,0.038,52.63157895,6,0.184,32.60869565
319,1,0.038222222,26.1627907,4,0.0576,69.44444444,6,0.0448,133.9285714,16,0.154,103.8961039
320,1,0.044444444,22.5,3,0.0636,47.16981132,5,0.0412,121.3592233,5,0.09,55.55555556
321,1,0.061777778,16.18705036,11,0.0756,145.5026455,1,0.0188,53.19148936,5,0.18,27.77777778
322,1,0.054222222,18.44262295,5,0.0784,63.7755102,6,0.0448,133.9285714,4,0.168,23.80952381
323,4,0.053333333,75,4,0.0688,58.13953488,4,0.0464,86.20689655,5,0.198,25.25252525
324,1,0.050666667,19.73684211,5,0.0756,66.13756614,4,0.0428,93.45794393,5,0.18,27.77777778
325,3,0.050666667,59.21052632,2,0.0652,30.67484663,7,0.0392,178.5714286,7,0.192,36.45833333
326,1,0.044444444,22.5,3,0.042,71.42857143,3,0.0172,174.4186047,2,0.188,10.63829787
327,2,0.054222222,36.8852459,3,0.0904,33.18584071,2,0.036,55.55555556,7,0.155,45.16129032
328,1,0.060444444,16.54411765,2,0.064,31.25,2,0.0388,51.54639175,10,0.154,64.93506494
329,6,0.052444444,114.4067797,2,0.0436,45.87155963,5,0.044,113.6363636,9,0.158,56.96202532
330,1,0.048888889,20.45454545,3,0.0436,68.80733945,2,0.04,50,7,0.17,41.17647059
331,3,0.049777778,60.26785714,1,0.0376,26.59574468,3,0.0652,46.01226994,8,0.193,41.4507772
332,2,0.056444444,35.43307087,2,0.0692,28.9017341,1,0.0324,30.86419753,3,0.208,14.42307692
333,1,0.052444444,19.06779661,5,0.0612,81.69934641,5,0.038,131.5789474,8,0.174,45.97701149
334,2,0.055111111,36.29032258,2,0.068,29.41176471,4,0.0328,121.9512195,3,0.094,31.91489362
335,4,0.048888889,81.81818182,6,0.0736,81.52173913,1,0.0412,24.27184466,5,0.174,28.73563218
336,1,0.042222222,23.68421053,3,0.0572,52.44755245,6,0.05,120,5,0.209,23.92344498
337,1,0.048444444,20.64220183,1,0.0488,20.49180328,3,0.0496,60.48387097,1,0.208,4.807692308
338,2,0.038222222,52.3255814,1,0.0472,21.18644068,5,0.0408,122.5490196,2,0.212,9.433962264
339,3,0.068444444,43.83116883,6,0.0404,148.5148515,3,0.0428,70.09345794,6,0.18,33.33333333
340,6,0.058666667,102.2727273,3,0.0248,120.9677419,9,0.0512,175.78125,9,0.177,50.84745763
341,1,0.053777778,18.59504132,7,0.0448,156.25,7,0.046,152.173913,5,0.191,26.17801047
342,3,0.061333333,48.91304348,9,0.0904,99.55752212,3,0.0304,98.68421053,1,0.187,5.347593583
343,6,0.06,100,7,0.0764,91.62303665,1,0.0416,24.03846154,7,0.168,41.66666667
344,4,0.056,71.42857143,7,0.1028,68.09338521,3,0.044,68.18181818,2,0.167,11.9760479
345,1,0.06,16.66666667,6,0.0804,74.62686567,3,0.0428,70.09345794,5,0.168,29.76190476
346,1,0.057333333,17.44186047,6,0.0736,81.52173913,1,0.018,55.55555556,5,0.164,30.48780488
347,2,0.059111111,33.83458647,8,0.062,129.0322581,1,0.0336,29.76190476,4,0.173,23.12138728
348,1,0.047555556,21.02803738,1,0.0396,25.25252525,4,0.0512,78.125,7,0.173,40.46242775
349,2,0.059111111,33.83458647,4,0.0616,64.93506494,4,0.04,100,1,0.183,5.464480874
350,1,0.051555556,19.39655172,2,0.0592,33.78378378,3,0.0412,72.81553398,1,0.162,6.172839506
351,1,0.050666667,19.73684211,4,0.0496,80.64516129,5,0.0416,120.1923077,3,0.097,30.92783505
352,1,0.050666667,19.73684211,11,0.0828,132.8502415,6,0.0464,129.3103448,6,0.141,42.55319149
353,1,0.033777778,29.60526316,5,0.0784,63.7755102,4,0.0556,71.94244604,6,0.18,33.33333333
354,1,0.042222222,23.68421053,4,0.0584,68.49315068,4,0.0456,87.71929825,4,0.189,21.16402116
355,1,0.041333333,24.19354839,4,0.0636,62.89308176,2,0.0388,51.54639175,6,0.193,31.0880829
356,3,0.042666667,70.3125,8,0.0604,132.4503311,2,0.0492,40.6504065,5,0.19,26.31578947
357,2,0.055111111,36.29032258,1,0.0332,30.12048193,7,0.046,152.173913,5,0.17,29.41176471
358,1,0.057777778,17.30769231,1,0.04,25,3,0.042,71.42857143,4,0.18,22.22222222
359,2,0.054666667,36.58536585,3,0.0464,64.65517241,2,0.0392,51.02040816,4,0.184,21.73913043
360,2,0.052888889,37.81512605,4,0.0444,90.09009009,1,0.0372,26.88172043,7,0.175,40
361,4,0.046666667,85.71428571,4,0.0504,79.36507937,3,0.0476,63.02521008,5,0.168,29.76190476
362,1,0.048,20.83333333,6,0.062,96.77419355,3,0.032,93.75,9,0.186,48.38709677
363,1,0.042222222,23.68421053,3,0.068,44.11764706,3,0.044,68.18181818,4,0.19,21.05263158
364,2,0.053777778,37.19008264,2,0.0616,32.46753247,1,0.0512,19.53125,6,0.194,30.92783505
365,3,0.069333333,43.26923077,2,0.0532,37.59398496,4,0.0476,84.03361345,5,0.148,33.78378378
366,2,0.049777778,40.17857143,3,0.0524,57.2519084,1,0.0412,24.27184466,4,0.179,22.34636872
367,1,0.043111111,23.19587629,4,0.0292,136.9863014,3,0.0344,87.20930233,7,0.175,40
368,1,0.070666667,14.1509434,2,0.0316,63.29113924,2,0.0204,98.03921569,6,0.158,37.97468354
369,3,0.047111111,63.67924528,1,0.038,26.31578947,2,0.0456,43.85964912,8,0.151,52.98013245
370,1,0.065333333,15.30612245,1,0.03,33.33333333,7,0.0568,123.2394366,4,0.161,24.8447205
371,1,0.064444444,15.51724138,4,0.0388,103.0927835,2,0.064,31.25,5,0.155,32.25806452
372,4,0.052444444,76.27118644,5,0.0428,116.8224299,4,0.0444,90.09009009,6,0.166,36.14457831
373,2,0.041777778,47.87234043,2,0.0332,60.24096386,5,0.0468,106.8376068,4,0.202,19.8019802
374,2,0.057333333,34.88372093,1,0.0316,31.64556962,1,0.05,20,3,0.153,19.60784314
375,2,0.050666667,39.47368421,3,0.0564,53.19148936,3,0.0404,74.25742574,6,0.136,44.11764706
376,3,0.051555556,58.18965517,6,0.068,88.23529412,3,0.0436,68.80733945,3,0.081,37.03703704
377,2,0.054222222,36.8852459,5,0.0928,53.87931034,6,0.044,136.3636364,5,0.129,38.75968992
378,1,0.053333333,18.75,3,0.05,60,7,0.0396,176.7676768,3,0.167,17.96407186
379,2,0.055111111,36.29032258,4,0.0756,52.91005291,5,0.072,69.44444444,8,0.158,50.63291139
380,5,0.056444444,88.58267717,2,0.0348,57.47126437,9,0.0552,163.0434783,5,0.175,28.57142857
381,3,0.052888889,56.72268908,4,0.0436,91.74311927,7,0.046,152.173913,3,0.098,30.6122449
382,2,0.057777778,34.61538462,4,0.0532,75.18796992,8,0.0592,135.1351351,4,0.199,20.10050251
383,4,0.052888889,75.6302521,4,0.0724,55.24861878,3,0.0356,84.26966292,1,0.145,6.896551724
384,3,0.052888889,56.72268908,1,0.0744,13.44086022,3,0.0428,70.09345794,10,0.151,66.22516556
385,2,0.045777778,43.68932039,8,0.0628,127.388535,2,0.058,34.48275862,4,0.158,25.3164557
386,6,0.062666667,95.74468085,1,0.0664,15.06024096,5,0.0476,105.0420168,8,0.198,40.4040404
387,4,0.060888889,65.69343066,4,0.058,68.96551724,2,0.0604,33.11258278,4,0.181,22.09944751
388,3,0.062222222,48.21428571,8,0.0552,144.9275362,3,0.0292,102.739726,7,0.193,36.26943005
389,3,0.057333333,52.3255814,5,0.074,67.56756757,5,0.0496,100.8064516,7,0.185,37.83783784
390,4,0.043111111,92.78350515,8,0.0892,89.68609865,4,0.0472,84.74576271,5,0.195,25.64102564
391,2,0.050222222,39.82300885,5,0.068,73.52941176,4,0.0496,80.64516129,7,0.19,36.84210526
392,1,0.057333333,17.44186047,2,0.0724,27.62430939,4,0.05,80,2,0.154,12.98701299
393,1,0.059555556,16.79104478,6,0.0764,78.53403141,3,0.042,71.42857143,7,0.188,37.23404255
394,5,0.054666667,91.46341463,5,0.0852,58.68544601,4,0.0404,99.00990099,5,0.19,26.31578947
395,2,0.049777778,40.17857143,3,0.0944,31.77966102,3,0.0264,113.6363636,11,0.198,55.55555556
396,2,0.048,41.66666667,11,0.0884,124.4343891,6,0.0492,121.9512195,6,0.18,33.33333333
397,3,0.063111111,47.53521127,6,0.0892,67.26457399,4,0.032,125,3,0.164,18.29268293
398,5,0.054222222,92.21311475,10,0.0832,120.1923077,3,0.0216,138.8888889,7,0.192,36.45833333
399,4,0.047111111,84.90566038,7,0.1016,68.8976378,3,0.024,125,3,0.198,15.15151515
400,4,0.041777778,95.74468085,4,0.058,68.96551724,3,0.0432,69.44444444,4,0.135,29.62962963
401,1,0.040888889,24.45652174,2,0.0372,53.76344086,7,0.0428,163.5514019,2,0.197,10.15228426
402,1,0.050222222,19.91150442,13,0.0784,165.8163265,2,0.0336,59.52380952,2,0.151,13.24503311
403,2,0.050666667,39.47368421,7,0.0964,72.61410788,4,0.0312,128.2051282,1,0.094,10.63829787
404,4,0.042222222,94.73684211,10,0.0832,120.1923077,2,0.0324,61.72839506,6,0.127,47.24409449
405,3,0.038222222,78.48837209,6,0.0892,67.26457399,7,0.0508,137.7952756,2,0.17,11.76470588
406,3,0.058222222,51.52671756,14,0.0896,156.25,3,0.0272,110.2941176,11,0.161,68.32298137
407,1,0.062666667,15.95744681,6,0.07,85.71428571,2,0.0432,46.2962963,5,0.137,36.49635036
408,2,0.056888889,35.15625,8,0.0676,118.3431953,8,0.056,142.8571429,4,0.102,39.21568627
409,1,0.044,22.72727273,11,0.096,114.5833333,7,0.0512,136.71875,3,0.135,22.22222222
410,2,0.047555556,42.05607477,8,0.0836,95.6937799,5,0.0464,107.7586207,7,0.164,42.68292683
411,3,0.056,53.57142857,5,0.0892,56.05381166,6,0.0444,135.1351351,6,0.155,38.70967742
412,7,0.052444444,133.4745763,5,0.086,58.13953488,6,0.038,157.8947368,3,0.155,19.35483871
413,5,0.062666667,79.78723404,8,0.0688,116.2790698,4,0.0728,54.94505495,2,0.138,14.49275362
414,2,0.056888889,35.15625,9,0.0916,98.25327511,2,0.0464,43.10344828,2,0.151,13.24503311
415,1,0.057777778,17.30769231,11,0.082,134.1463415,3,0.0328,91.46341463,4,0.128,31.25
416,6,0.059111111,101.5037594,4,0.1008,39.68253968,3,0.0236,127.1186441,7,0.117,59.82905983
417,2,0.057333333,34.88372093,9,0.0868,103.6866359,6,0.0452,132.7433628,2,0.08,25
418,2,0.043111111,46.39175258,14,0.084,166.6666667,9,0.0592,152.027027,4,0.111,36.03603604
419,1,0.016444444,60.81081081,13,0.0884,147.0588235,5,0.0512,97.65625,4,0.1,40
420,3,0.053333333,56.25,9,0.082,109.7560976,2,0.02,100,5,0.048,104.1666667
421,3,0.052888889,56.72268908,6,0.0828,72.46376812,3,0.0456,65.78947368,6,0.078,76.92307692
422,1,0.036,27.77777778,11,0.0752,146.2765957,2,0.0244,81.96721311,6,0.146,41.09589041
423,1,0.027111111,36.8852459,11,0.086,127.9069767,7,0.0412,169.9029126,4,0.148,27.02702703
424,2,0.024888889,80.35714286,6,0.0784,76.53061224,7,0.0612,114.379085,4,0.099,40.4040404
425,1,0.023555556,42.45283019,11,0.0884,124.4343891,5,0.0348,143.6781609,3,0.131,22.90076336
426,1,0.031111111,32.14285714,9,0.1028,87.54863813,2,0.0392,51.02040816,3,0.17,17.64705882
427,1,0.048,20.83333333,11,0.0988,111.3360324,3,0.0488,61.47540984,7,0.158,44.30379747
428,1,0.053333333,18.75,5,0.0632,79.11392405,5,0.0344,145.3488372,2,0.141,14.18439716
429,3,0.054222222,55.32786885,10,0.0912,109.6491228,5,0.03,166.6666667,3,0.121,24.79338843
430,1,0.04,25,19,0.1064,178.5714286,3,0.0312,96.15384615,5,0.135,37.03703704
431,3,0.063111111,47.53521127,7,0.0964,72.61410788,3,0.0372,80.64516129,3,0.103,29.12621359
432,2,0.058222222,34.35114504,8,0.0792,101.010101,1,0.026,38.46153846,1,0.09,11.11111111
433,1,0.052444444,19.06779661,12,0.0788,152.284264,5,0.0436,114.6788991,3,0.12,25
434,1,0.049777778,20.08928571,11,0.0748,147.0588235,2,0.0248,80.64516129,2,0.092,21.73913043
435,2,0.044444444,45,14,0.0924,151.5151515,6,0.0424,141.509434,2,0.105,19.04761905
436,1,0.034222222,29.22077922,8,0.08,100,2,0.0472,42.37288136,1,0.038,26.31578947
437,3,0.048,62.5,6,0.0852,70.42253521,3,0.0848,35.37735849,4,0.098,40.81632653
438,1,0.013333333,75,2,0.058,34.48275862,4,0.0656,60.97560976,4,0.098,40.81632653
439,2,0.028888889,69.23076923,5,0.0776,64.43298969,8,0.0576,138.8888889,3,0.128,23.4375
440,1,0.017333333,57.69230769,11,0.0904,121.6814159,3,0.0384,78.125,6,0.115,52.17391304
441,2,0.026222222,76.27118644,11,0.1048,104.9618321,7,0.0416,168.2692308,2,0.132,15.15151515
442,2,0.036444444,54.87804878,8,0.094,85.10638298,4,0.0352,113.6363636,8,0.135,59.25925926
443,2,0.055111111,36.29032258,14,0.08,175,4,0.0556,71.94244604,3,0.111,27.02702703
444,2,0.048444444,41.28440367,6,0.0648,92.59259259,7,0.056,125,4,0.132,30.3030303
445,3,0.041777778,71.80851064,9,0.0704,127.8409091,4,0.052,76.92307692,3,0.1,30
446,1,0.029333333,34.09090909,13,0.0808,160.8910891,3,0.028,107.1428571,1,0.083,12.04819277
447,1,0.037777778,26.47058824,6,0.102,58.82352941,2,0.044,45.45454545,5,0.1,50
448,1,0.026666667,37.5,9,0.1024,87.890625,5,0.0324,154.3209877,3,0.168,17.85714286
449,1,0.040444444,24.72527473,9,0.0872,103.2110092,7,0.0584,119.8630137,2,0.14,14.28571429
450,1,0.034666667,28.84615385,13,0.0784,165.8163265,4,0.0324,123.4567901,5,0.131,38.16793893
451,1,0.057777778,17.30769231,11,0.0688,159.8837209,7,0.048,145.8333333,2,0.095,21.05263158
452,1,0.058666667,17.04545455,13,0.1056,123.1060606,6,0.05,120,3,0.056,53.57142857
453,1,0.032888889,30.40540541,1,0.0924,10.82251082,4,0.052,76.92307692,6,0.191,31.41361257
454,1,0.052444444,19.06779661,11,0.078,141.025641,1,0.0316,31.64556962,3,0.162,18.51851852
455,3,0.036,83.33333333,5,0.0804,62.18905473,5,0.0568,88.02816901,4,0.137,29.19708029
456,1,0.032,31.25,11,0.0908,121.1453744,6,0.0408,147.0588235,4,0.095,42.10526316
457,4,0.052,76.92307692,14,0.08,175,5,0.0308,162.3376623,2,0.134,14.92537313
458,1,0.053333333,18.75,9,0.0704,127.8409091,6,0.0408,147.0588235,7,0.11,63.63636364
459,2,0.038222222,52.3255814,2,0.0648,30.86419753,4,0.0532,75.18796992,2,0.12,16.66666667
460,1,0.050666667,19.73684211,1,0.0916,10.91703057,8,0.0456,175.4385965,3,0.124,24.19354839
461,1,0.02,50,1,0.0688,14.53488372,5,0.0424,117.9245283,1,0.126,7.936507937
462,1,0.049333333,20.27027027,6,0.0596,100.6711409,2,0.0312,64.1025641,7,0.137,51.09489051
463,1,0.032,31.25,4,0.0796,50.25125628,2,0.0348,57.47126437,5,0.147,34.01360544
464,1,0.045333333,22.05882353,10,0.0824,121.3592233,5,0.044,113.6363636,1,0.098,10.20408163
465,1,0.038666667,25.86206897,14,0.1068,131.0861423,2,0.0328,60.97560976,3,0.137,21.89781022
466,1,0.042666667,23.4375,5,0.1044,47.89272031,5,0.0488,102.4590164,2,0.133,15.03759398
467,2,0.032888889,60.81081081,7,0.1088,64.33823529,4,0.0552,72.46376812,4,0.102,39.21568627
468,1,0.046666667,21.42857143,11,0.1164,94.50171821,6,0.0516,116.2790698,3,0.122,24.59016393
469,5,0.054666667,91.46341463,11,0.0936,117.5213675,7,0.0424,165.0943396,4,0.136,29.41176471
470,1,0.014222222,70.3125,9,0.0892,100.896861,3,0.0472,63.55932203,3,0.115,26.08695652
471,1,0.028888889,34.61538462,9,0.0868,103.6866359,6,0.0384,156.25,4,0.072,55.55555556
472,3,0.06,50,9,0.114,78.94736842,1,0.0344,29.06976744,1,0.067,14.92537313
473,2,0.044888889,44.55445545,14,0.1116,125.4480287,2,0.0304,65.78947368,2,0.145,13.79310345
474,2,0.043111111,46.39175258,20,0.1132,176.6784452,4,0.054,74.07407407,4,0.118,33.89830508
475,1,0.044,22.72727273,10,0.0816,122.5490196,7,0.046,152.173913,1,0.056,17.85714286
476,2,0.047111111,42.45283019,9,0.0816,110.2941176,3,0.0404,74.25742574,2,0.127,15.7480315
477,1,0.058666667,17.04545455,4,0.0704,56.81818182,6,0.0348,172.4137931,3,0.125,24
478,1,0.040888889,24.45652174,9,0.0656,137.195122,5,0.034,147.0588235,3,0.134,22.3880597
479,3,0.021777778,137.755102,14,0.0888,157.6576577,2,0.0292,68.49315068,2,0.117,17.09401709
480,1,0.037333333,26.78571429,9,0.0964,93.36099585,5,0.0476,105.0420168,6,0.137,43.79562044
481,2,0.057777778,34.61538462,6,0.0664,90.36144578,8,0.056,142.8571429,4,0.129,31.00775194
482,2,0.052,38.46153846,9,0.0836,107.6555024,7,0.0504,138.8888889,4,0.125,32
483,1,0.048444444,20.64220183,10,0.1036,96.52509653,8,0.0508,157.480315,2,0.109,18.34862385
484,1,0.035555556,28.125,9,0.1068,84.26966292,4,0.0384,104.1666667,1,0.033,30.3030303
485,2,0.036,55.55555556,8,0.1208,66.22516556,8,0.0468,170.9401709,2,0.026,76.92307692
486,3,0.043555556,68.87755102,7,0.0836,83.73205742,3,0.0548,54.74452555,2,0.023,86.95652174
487,2,0.043555556,45.91836735,8,0.1008,79.36507937,6,0.0464,129.3103448,1,0.045,22.22222222
488,2,0.022666667,88.23529412,8,0.106,75.47169811,5,0.054,92.59259259,2,0.027,74.07407407
489,1,0.026666667,37.5,1,0.034,29.41176471,1,0.0348,28.73563218,1,0.052,19.23076923
490,1,0.050222222,19.91150442,4,0.07,57.14285714,1,0.0176,56.81818182,1,0.028,35.71428571
491,1,0.037777778,26.47058824,13,0.0724,179.558011,2,0.0368,54.34782609,1,0.03,33.33333333
492,2,0.04,50,10,0.0916,109.1703057,5,0.0428,116.8224299,5,0.125,40
493,1,0.043555556,22.95918367,7,0.0956,73.22175732,8,0.0636,125.7861635,4,0.143,27.97202797
494,1,0.057333333,17.44186047,8,0.0876,91.32420091,6,0.0636,94.33962264,4,0.12,33.33333333
495,1,0.051555556,19.39655172,6,0.0752,79.78723404,1,0.0536,18.65671642,2,0.109,18.34862385
496,1,0.046666667,21.42857143,13,0.086,151.1627907,4,0.0556,71.94244604,2,0.109,18.34862385
497,1,0.034222222,29.22077922,6,0.0856,70.09345794,3,0.0552,54.34782609,1,0.072,13.88888889
498,2,0.039111111,51.13636364,11,0.0616,178.5714286,3,0.0452,66.37168142,5,0.088,56.81818182
499,2,0.044444444,45,9,0.0792,113.6363636,7,0.0468,149.5726496,3,0.123,24.3902439
500,2,0.044444444,45,12,0.0768,156.25,2,0.0392,51.02040816,1,0.023,43.47826087
501,1,0.045333333,22.05882353,10,0.0904,110.619469,3,0.042,71.42857143,1,0.026,38.46153846
502,1,0.036444444,27.43902439,13,0.122,106.557377,1,0.0288,34.72222222,1,0.008,125
503,1,0.028,35.71428571,9,0.0968,92.97520661,3,0.022,136.3636364,2,0.026,76.92307692
504,6,0.042666667,140.625,12,0.0972,123.4567901,2,0.026,76.92307692,1,0.045,22.22222222
505,3,0.041777778,71.80851064,16,0.1088,147.0588235,3,0.0472,63.55932203,1,0.034,29.41176471
506,2,0.032888889,60.81081081,7,0.0864,81.01851852,4,0.0384,104.1666667,1,0.025,40
507,4,0.044444444,90,8,0.084,95.23809524,4,0.0584,68.49315068,1,0.055,18.18181818
508,1,0.032444444,30.82191781,2,0.0936,21.36752137,4,0.0432,92.59259259,1,0.012,83.33333333
509,2,0.040444444,49.45054945,5,0.1,50,4,0.0396,101.010101,1,0.014,71.42857143
510,2,0.040888889,48.91304348,5,0.0704,71.02272727,1,0.07,14.28571429,1,0.042,23.80952381
511,1,0.024888889,40.17857143,13,0.0756,171.957672,9,0.0616,146.1038961,1,0.017,58.82352941
512,1,0.046222222,21.63461538,14,0.0848,165.0943396,7,0.05,140,1,0.019,52.63157895
513,1,0.038666667,25.86206897,6,0.0828,72.46376812,1,0.026,38.46153846,1,0.061,16.39344262
514,4,0.056888889,70.3125,4,0.026,153.8461538,5,0.028,178.5714286,2,0.048,41.66666667
515,2,0.051555556,38.79310345,4,0.0316,126.5822785,5,0.0356,140.4494382,1,0.037,27.02702703
516,3,0.056888889,52.734375,7,0.0864,81.01851852,2,0.0172,116.2790698,2,0.024,83.33333333
517,1,0.014666667,68.18181818,8,0.0996,80.32128514,1,0.0148,67.56756757,1,0.022,45.45454545
518,2,0.034222222,58.44155844,7,0.0992,70.56451613,1,0.012,83.33333333,2,0.021,95.23809524
519,3,0.044444444,67.5,5,0.0752,66.4893617,1,0.0256,39.0625,2,0.064,31.25
520,7,0.046666667,150,5,0.098,51.02040816,5,0.0416,120.1923077,1,0.059,16.94915254
521,2,0.050666667,39.47368421,11,0.0804,136.8159204,4,0.0428,93.45794393,1,0.017,58.82352941
522,3,0.055111111,54.43548387,11,0.0948,116.0337553,5,0.036,138.8888889,1,0.027,37.03703704
523,1,0.049777778,20.08928571,10,0.092,108.6956522,7,0.046,152.173913,1,0.042,23.80952381
524,1,0.045777778,21.84466019,7,0.0852,82.15962441,3,0.0328,91.46341463,3,0.022,136.3636364
525,1,0.043111111,23.19587629,3,0.074,40.54054054,6,0.0572,104.8951049,1,0.007,142.8571429
526,4,0.036888889,108.4337349,3,0.0764,39.26701571,1,0.034,29.41176471,1,0.038,26.31578947
527,1,0.050222222,19.91150442,7,0.1048,66.79389313,8,0.0532,150.3759398,1,0.024,41.66666667
528,1,0.022666667,44.11764706,8,0.0852,93.89671362,7,0.058,120.6896552,6,0.034,176.4705882
529,1,0.023111111,43.26923077,6,0.0776,77.31958763,7,0.0616,113.6363636,1,0.024,41.66666667
530,1,0.033333333,30,6,0.0548,109.4890511,6,0.0488,122.9508197,2,0.065,30.76923077
531,1,0.033777778,29.60526316,5,0.048,104.1666667,2,0.0576,34.72222222,1,0.063,15.87301587
532,3,0.055111111,54.43548387,2,0.0408,49.01960784,5,0.042,119.047619,1,0.026,38.46153846
533,1,0.041333333,24.19354839,3,0.0496,60.48387097,2,0.0388,51.54639175,1,0.008,125
534,1,0.034222222,29.22077922,3,0.0364,82.41758242,2,0.0492,40.6504065,1,0.026,38.46153846
535,1,0.030666667,32.60869565,1,0.0352,28.40909091,5,0.0516,96.89922481,1,0.043,23.25581395
536,3,0.021777778,137.755102,1,0.0312,32.05128205,2,0.0336,59.52380952,1,0.011,90.90909091
537,2,0.044888889,44.55445545,2,0.0376,53.19148936,4,0.062,64.51612903,2,0.022,90.90909091
538,1,0.029333333,34.09090909,2,0.0492,40.6504065,6,0.0344,174.4186047,1,0.043,23.25581395
539,4,0.044444444,90,1,0.0088,113.6363636,3,0.0468,64.1025641,1,0.041,24.3902439
540,1,0.046222222,21.63461538,2,0.0188,106.3829787,1,0.0344,29.06976744,1,0.045,22.22222222
541,1,0.034222222,29.22077922,3,0.0428,70.09345794,3,0.0448,66.96428571,2,0.046,43.47826087
542,4,0.043111111,92.78350515,4,0.0332,120.4819277,5,0.0512,97.65625,1,0.038,26.31578947
543,2,0.056888889,35.15625,2,0.0268,74.62686567,9,0.0768,117.1875,4,0.035,114.2857143
544,2,0.045777778,43.68932039,3,0.0228,131.5789474,3,0.0584,51.36986301,1,0.028,35.71428571
545,4,0.037333333,107.1428571,1,0.0176,56.81818182,7,0.0708,98.8700565,1,0.012,83.33333333
546,1,0.057333333,17.44186047,3,0.0228,131.5789474,9,0.0568,158.4507042,1,0.013,76.92307692
547,1,0.054666667,18.29268293,2,0.0444,45.04504505,9,0.0532,169.1729323,2,0.026,76.92307692
548,2,0.039111111,51.13636364,1,0.0212,47.16981132,6,0.0468,128.2051282,1,0.039,25.64102564
549,2,0.047555556,42.05607477,3,0.0312,96.15384615,8,0.0568,140.8450704,3,0.059,50.84745763
550,2,0.034666667,57.69230769,2,0.0188,106.3829787,3,0.0448,66.96428571,1,0.014,71.42857143
551,2,0.027555556,72.58064516,1,0.0108,92.59259259,3,0.0424,70.75471698,1,0.028,35.71428571
552,1,0.035555556,28.125,3,0.0228,131.5789474,8,0.0544,147.0588235,2,0.051,39.21568627
553,1,0.034666667,28.84615385,6,0.0452,132.7433628,8,0.0496,161.2903226,1,0.023,43.47826087
554,1,0.049777778,20.08928571,5,0.0736,67.93478261,2,0.0308,64.93506494,3,0.029,103.4482759
555,2,0.055111111,36.29032258,4,0.0672,59.52380952,4,0.0352,113.6363636,1,0.084,11.9047619
556,1,0.056444444,17.71653543,3,0.056,53.57142857,2,0.0256,78.125,1,0.058,17.24137931
557,2,0.056444444,35.43307087,1,0.0564,17.73049645,5,0.0464,107.7586207,1,0.02,50
558,3,0.048,62.5,1,0.0384,26.04166667,4,0.0332,120.4819277,2,0.059,33.89830508
559,4,0.058222222,68.70229008,2,0.0248,80.64516129,2,0.0184,108.6956522,1,0.039,25.64102564
560,1,0.034666667,28.84615385,4,0.0348,114.9425287,3,0.0252,119.047619,2,0.031,64.51612903
561,1,0.033777778,29.60526316,3,0.0392,76.53061224,1,0.032,31.25,1,0.04,25
562,1,0.049333333,20.27027027,2,0.0284,70.42253521,4,0.038,105.2631579,1,0.071,14.08450704
563,2,0.055555556,36,1,0.056,17.85714286,1,0.036,27.77777778,2,0.07,28.57142857
564,1,0.044888889,22.27722772,5,0.036,138.8888889,2,0.0316,63.29113924,2,0.036,55.55555556
565,2,0.052,38.46153846,5,0.0556,89.92805755,3,0.0236,127.1186441,2,0.042,47.61904762
566,2,0.031111111,64.28571429,1,0.052,19.23076923,1,0.0384,26.04166667,3,0.046,65.2173913
567,1,0.022222222,45,3,0.0188,159.5744681,3,0.0288,104.1666667,1,0.029,34.48275862
568,2,0.038222222,52.3255814,3,0.0308,97.4025974,2,0.0272,73.52941176,1,0.026,38.46153846
569,2,0.044,45.45454545,1,0.0212,47.16981132,2,0.034,58.82352941,1,0.052,19.23076923
570,2,0.062222222,32.14285714,4,0.0312,128.2051282,5,0.046,108.6956522,1,0.035,28.57142857
571,1,0.036888889,27.10843373,3,0.0252,119.047619,7,0.0452,154.8672566,1,0.025,40
572,1,0.058222222,17.17557252,1,0.028,35.71428571,3,0.0348,86.20689655,1,0.027,37.03703704
573,2,0.052,38.46153846,2,0.0164,121.9512195,4,0.0224,178.5714286,3,0.021,142.8571429
574,3,0.080888889,37.08791209,1,0.0212,47.16981132,4,0.0356,112.3595506,2,0.018,111.1111111
575,3,0.078222222,38.35227273,3,0.022,136.3636364,5,0.048,104.1666667,2,0.042,47.61904762
576,3,0.076,39.47368421,2,0.0204,98.03921569,2,0.0396,50.50505051,3,0.103,29.12621359
577,1,0.068888889,14.51612903,3,0.03,100,3,0.0324,92.59259259,2,0.085,23.52941176
578,2,0.054666667,36.58536585,1,0.0176,56.81818182,2,0.04,50,2,0.04,50
579,1,0.084888889,11.78010471,1,0.022,45.45454545,2,0.0208,96.15384615,6,0.052,115.3846154
580,5,0.051111111,97.82608696,3,0.0344,87.20930233,2,0.0472,42.37288136,2,0.046,43.47826087
581,1,0.043111111,23.19587629,2,0.0424,47.16981132,3,0.0188,159.5744681,2,0.069,28.98550725
582,4,0.049777778,80.35714286,1,0.0076,131.5789474,1,0.0284,35.21126761,1,0.081,12.34567901
583,2,0.060888889,32.84671533,3,0.0196,153.0612245,3,0.04,75,1,0.069,14.49275362
584,4,0.041777778,95.74468085,1,0.0068,147.0588235,4,0.0452,88.49557522,2,0.061,32.78688525
585,1,0.026666667,37.5,5,0.0296,168.9189189,2,0.038,52.63157895,1,0.063,15.87301587
586,5,0.046666667,107.1428571,4,0.0396,101.010101,2,0.0332,60.24096386,1,0.039,25.64102564
587,3,0.032444444,92.46575342,1,0.0208,48.07692308,1,0.0348,28.73563218,1,0.033,30.3030303
588,2,0.036444444,54.87804878,2,0.0192,104.1666667,2,0.0324,61.72839506,2,0.016,125
589,2,0.047111111,42.45283019,3,0.0308,97.4025974,3,0.0392,76.53061224,2,0.057,35.0877193
590,1,0.026666667,37.5,1,0.0148,67.56756757,2,0.03,66.66666667,2,0.08,25
591,1,0.013777778,72.58064516,6,0.044,136.3636364,3,0.0312,96.15384615,2,0.039,51.28205128
592,2,0.014666667,136.3636364,4,0.04,100,4,0.0224,178.5714286,1,0.066,15.15151515
593,1,0.040888889,24.45652174,3,0.0556,53.95683453,2,0.024,83.33333333,1,0.039,25.64102564
594,1,0.036444444,27.43902439,2,0.0312,64.1025641,3,0.0216,138.8888889,1,0.065,15.38461538
595,1,0.012444444,80.35714286,1,0.0104,96.15384615,2,0.012,166.6666667,2,0.032,62.5
596,1,0.022666667,44.11764706,3,0.0292,102.739726,1,0.024,41.66666667,1,0.014,71.42857143
597,2,0.019555556,102.2727273,2,0.028,71.42857143,7,0.0408,171.5686275,2,0.014,142.8571429
598,1,0.015111111,66.17647059,1,0.0148,67.56756757,2,0.0188,106.3829787,2,0.038,52.63157895
599,1,0.017333333,57.69230769,1,0.0176,56.81818182,2,0.0156,128.2051282,3,0.019,157.8947368
600,2,0.026222222,76.27118644,5,0.0336,148.8095238,3,0.0372,80.64516129,1,0.053,18.86792453
601,2,0.033777778,59.21052632,1,0.0348,28.73563218,3,0.022,136.3636364,1,0.056,17.85714286
602,4,0.052444444,76.27118644,3,0.0168,178.5714286,2,0.0168,119.047619,2,0.048,41.66666667
603,1,0.038666667,25.86206897,3,0.0532,56.39097744,1,0.0348,28.73563218,3,0.086,34.88372093
604,5,0.038222222,130.8139535,8,0.0496,161.2903226,5,0.0416,120.1923077,1,0.065,15.38461538
605,3,0.024,125,5,0.0656,76.2195122,3,0.0224,133.9285714,4,0.063,63.49206349
606,1,0.025333333,39.47368421,4,0.0836,47.84688995,2,0.0316,63.29113924,2,0.025,80
607,3,0.02,150,2,0.0444,45.04504505,3,0.036,83.33333333,1,0.036,27.77777778
608,2,0.028888889,69.23076923,5,0.056,89.28571429,1,0.0168,59.52380952,2,0.041,48.7804878
609,1,0.019111111,52.3255814,3,0.0552,54.34782609,2,0.0232,86.20689655,3,0.044,68.18181818
610,2,0.017333333,115.3846154,6,0.0588,102.0408163,2,0.02,100,2,0.031,64.51612903
611,1,0.012444444,80.35714286,6,0.0556,107.9136691,2,0.0396,50.50505051,1,0.061,16.39344262
612,1,0.017777778,56.25,1,0.06,16.66666667,1,0.0412,24.27184466,1,0.061,16.39344262
613,1,0.014666667,68.18181818,2,0.0236,84.74576271,1,0.0304,32.89473684,1,0.054,18.51851852
614,2,0.037333333,53.57142857,3,0.0192,156.25,2,0.0268,74.62686567,1,0.024,41.66666667
615,1,0.017777778,56.25,1,0.0304,32.89473684,3,0.0528,56.81818182,1,0.033,30.3030303
616,1,0.015111111,66.17647059,1,0.0352,28.40909091,3,0.0336,89.28571429,1,0.015,66.66666667
617,1,0.019555556,51.13636364,2,0.0288,69.44444444,2,0.0176,113.6363636,1,0.027,37.03703704
618,1,0.008,125,1,0.0284,35.21126761,2,0.0272,73.52941176,1,0.024,41.66666667
619,5,0.031555556,158.4507042,3,0.0252,119.047619,2,0.0228,87.71929825,2,0.049,40.81632653
620,1,0.019555556,51.13636364,2,0.0124,161.2903226,4,0.0312,128.2051282,1,0.044,22.72727273
621,2,0.042666667,46.875,2,0.0408,49.01960784,2,0.0232,86.20689655,5,0.043,116.2790698
622,2,0.022666667,88.23529412,4,0.0608,65.78947368,4,0.036,111.1111111,3,0.04,75
623,1,0.017333333,57.69230769,3,0.0556,53.95683453,1,0.0172,58.13953488,1,0.018,55.55555556
624,1,0.036888889,27.10843373,2,0.0248,80.64516129,1,0.0324,30.86419753,1,0.032,31.25
625,1,0.044,22.72727273,1,0.032,31.25,4,0.0464,86.20689655,1,0.041,24.3902439
626,1,0.059111111,16.91729323,2,0.04,50,5,0.03,166.6666667,2,0.023,86.95652174
627,2,0.039111111,51.13636364,3,0.0308,97.4025974,3,0.0168,178.5714286,1,0.03,33.33333333
628,1,0.034666667,28.84615385,2,0.0284,70.42253521,6,0.0484,123.9669421,1,0.018,55.55555556
629,2,0.028888889,69.23076923,1,0.036,27.77777778,3,0.0292,102.739726,2,0.068,29.41176471
630,1,0.030666667,32.60869565,1,0.0236,42.37288136,1,0.03,33.33333333,2,0.073,27.39726027
631,1,0.020444444,48.91304348,1,0.0132,75.75757576,6,0.0584,102.739726,1,0.086,11.62790698
632,3,0.019111111,156.9767442,2,0.016,125,5,0.0488,102.4590164,2,0.062,32.25806452
633,1,0.020444444,48.91304348,1,0.006,166.6666667,6,0.0504,119.047619,1,0.074,13.51351351
634,1,0.015555556,64.28571429,4,0.0596,67.11409396,3,0.0236,127.1186441,1,0.02,50
635,1,0.025777778,38.79310345,8,0.0624,128.2051282,5,0.0368,135.8695652,1,0.058,17.24137931
636,1,0.039555556,25.28089888,3,0.0436,68.80733945,1,0.0292,34.24657534,1,0.021,47.61904762
637,1,0.015555556,64.28571429,4,0.0332,120.4819277,1,0.0288,34.72222222,1,0.019,52.63157895
638,1,0.034666667,28.84615385,5,0.0552,90.57971014,3,0.0296,101.3513514,1,0.01,100
639,1,0.023111111,43.26923077,1,0.0416,24.03846154,4,0.0248,161.2903226,3,0.071,42.25352113
640,1,0.040444444,24.72527473,1,0.0308,32.46753247,1,0.022,45.45454545,1,0.047,21.27659574
641,1,0.035111111,28.48101266,3,0.0224,133.9285714,1,0.0144,69.44444444,1,0.031,32.25806452
642,1,0.015555556,64.28571429,2,0.0224,89.28571429,1,0.0148,67.56756757,1,0.033,30.3030303
643,1,0.025333333,39.47368421,1,0.04,25,3,0.028,107.1428571,4,0.046,86.95652174
644,1,0.006222222,160.7142857,2,0.0212,94.33962264,5,0.046,108.6956522,1,0.023,43.47826087
645,4,0.024444444,163.6363636,2,0.0356,56.17977528,4,0.0428,93.45794393,1,0.014,71.42857143
646,1,0.014666667,68.18181818,2,0.0216,92.59259259,4,0.0396,101.010101,1,0.028,35.71428571