,small_cars,large_cars
0,0,0
1,2,1
2,4,1
3,3,0
4,4,0
5,4,0
6,4,0
7,7,0
8,6,0
9,6,0
10,6,0
11,5,0
12,4,0
13,4,1
14,4,2
15,5,1
16,2,1
17,4,0
18,4,1
19,4,1
20,4,2
21,4,1
22,3,1
23,4,1
24,3,1
25,3,1
26,3,0
27,2,0
28,2,1
29,2,1
30,3,1
31,3,1
32,4,2
33,2,1
34,2,1
35,4,2
36,4,2
37,4,3
38,4,1
39,5,0
40,5,1
41,6,3
42,6,0
43,6,0
44,6,0
45,4,1
46,4,0
47,6,0
48,7,0
49,6,1
50,8,1
51,8,1
52,6,1
53,7,0
54,7,0
55,8,0
56,7,0
57,7,0
58,7,0
59,6,0
60,7,1
61,6,0
62,7,0
63,6,0
64,7,0
65,5,0
66,6,0
67,9,0
68,5,0
69,4,0
70,7,0
71,7,0
72,6,0
73,6,0
74,6,0
75,6,0
76,6,0
77,4,0
78,4,0
79,5,0
80,5,0
81,6,0
82,5,0
83,6,0
84,6,0
85,5,0
86,6,0
87,6,0
88,5,1
89,5,0
90,5,0
91,5,0
92,5,0
93,6,0
94,6,0
95,6,0
96,5,1
97,4,1
98,5,1
99,4,0
100,5,0
101,4,1
102,6,0
103,5,0
104,6,0
105,5,0
106,5,0
107,4,0
108,5,0
109,4,0
110,5,0
111,5,0
112,6,0
113,5,0
114,6,0
115,6,1
116,4,1
117,4,0
118,4,0
119,4,1
120,4,0
121,3,0
122,3,0
123,3,1
124,1,1
125,1,2
126,2,2
127,0,2
128,0,2
129,0,2
130,0,2
131,0,2
132,0,2
133,1,2
134,1,1
135,2,0
136,2,2
137,2,1
138,2,1
139,2,2
140,3,1
141,3,1
142,4,1
143,3,1
144,3,0
145,4,0
146,4,0
147,4,0
148,4,1
149,4,1
150,3,1
151,4,1
152,3,2
153,4,1
154,5,1
155,4,0
156,4,0
157,5,0
158,5,0
159,6,1
160,4,1
161,4,0
162,5,0
163,5,0
164,5,0
165,5,0
166,5,1
167,5,1
168,3,1
169,4,1
170,3,1
171,3,1
172,2,1
173,2,3
174,1,2
175,1,4
176,1,3
177,0,1
178,0,1
179,0,1
180,0,1
181,1,1
182,1,1
183,2,1
184,1,1
185,2,2
186,3,2
187,3,1
188,4,1
189,4,1
190,3,0
191,3,0
192,2,0
193,3,0
194,4,0
195,3,0
196,3,0
197,3,0
198,3,0
199,4,0
200,4,1
201,3,1
202,3,1
203,3,3
204,4,0
205,2,1
206,0,2
207,1,1
208,0,1
209,0,0
210,0,1
211,1,1
212,1,1
213,2,1
214,2,1
215,2,0
216,3,0
217,3,0
218,3,0
219,3,0
220,4,0
221,4,0
222,3,0
223,4,0
224,5,0
225,5,0
226,5,0
227,6,1
228,5,0
229,5,0
230,5,0
231,3,0
232,4,0
233,4,0
234,4,1
235,3,0
236,4,0
237,5,0
238,4,0
239,4,0
240,6,0
241,4,1
242,5,0
243,6,0
244,5,0
245,4,0
246,4,0
247,5,0
248,6,0
249,5,1
250,6,0
251,4,0
252,4,0
253,5,0
254,5,0
255,3,0
256,3,1
257,3,1
258,0,1
259,1,1
260,1,1
261,3,1
262,2,2
263,2,2
264,2,0
265,2,0
266,2,0
267,2,0
268,3,1
269,3,1
270,3,1
271,3,1
272,2,0
273,2,1
274,1,1
275,1,1
276,1,1
277,0,1
278,2,1
279,2,2
280,1,1
281,2,1
282,1,1
283,3,1
284,3,1
285,3,1
286,3,1
287,3,1
288,4,1
289,4,1
290,5,1
291,5,0
292,4,1
293,4,0
294,4,0
295,3,0
296,5,0
297,3,0
298,3,0
299,3,0
300,3,1
301,2,0
302,1,0
303,1,0
304,1,0
305,1,0
306,1,0
307,1,0
308,0,0
309,0,0
310,0,1
311,0,1
312,0,0
313,0,1
314,0,1
315,0,0
316,0,1
317,0,1
318,0,0
319,0,1
320,0,1
321,0,1
322,0,1
323,0,1
324,0,1
325,1,1
326,1,0
327,3,0
328,3,0
329,3,0
330,3,0
331,3,0
332,4,0
333,5,0
334,6,0
335,4,0
336,4,0
337,6,0
338,6,0
339,5,0
340,5,0
341,4,0
342,4,0
343,4,0
344,4,0
345,2,0
346,2,1
347,2,1
348,0,1
349,1,1
350,1,1
351,0,2
352,0,1
353,0,2
354,0,1
355,0,1
356,0,1
357,0,1
358,0,1
359,0,1
360,0,1
361,0,1
362,2,1
363,2,1
364,3,0
365,2,2
366,2,1
367,4,0
368,3,1
369,4,1
370,4,0
371,4,0
372,4,0
373,5,0
374,5,0
375,6,0
376,6,0
377,6,0
378,6,0
379,5,0
380,4,0
381,4,0
382,6,0
383,5,0
384,5,0
385,5,0
386,5,0
387,5,0
388,4,2
389,4,0
390,4,0
391,4,0
392,6,1
393,4,0
394,4,0
395,5,0
396,5,0
397,6,0
398,5,0
399,5,0
400,6,0
401,5,0
402,6,0
403,5,0
404,4,0
405,4,0
406,2,0
407,2,0
408,3,0
409,2,0
410,2,1
411,2,1
412,3,1
413,0,3
414,1,2
415,2,2
416,2,2
417,2,3
418,1,2
419,1,1
420,2,2
421,1,2
422,3,2
423,3,0
424,4,0
425,4,0
426,5,0
427,4,0
428,6,1
429,4,0
430,5,0
431,4,0
432,6,0
433,6,0
434,6,0
435,6,1
436,4,0
437,5,1
438,5,1
439,5,1
440,5,1
441,5,0
442,5,2
443,2,1
444,2,1
445,1,2
446,2,0
447,1,2
448,2,3
449,0,2
450,1,1
451,0,2
452,1,2
453,1,1
454,2,1
455,1,1
456,3,1
457,3,1
458,3,1
459,4,2
460,3,1
461,4,1
462,4,0
463,4,0
464,5,0
465,5,0
466,5,0
467,5,0
468,6,0
469,6,0
470,6,0
471,6,0
472,6,0
473,6,0
474,7,0
475,6,0
476,6,0
477,5,0
478,6,0
479,8,0
480,6,0
481,6,0
482,5,0
483,6,0
484,5,0
485,5,0
486,6,0
487,5,1
488,5,0
489,4,0
490,4,0
491,3,0
492,2,1
493,4,0
494,3,0
495,2,0
496,2,1
497,1,1
498,1,1
499,1,1
500,1,1
501,2,1
502,2,1
503,2,1
504,3,2
505,3,1
506,4,0
507,5,0
508,5,0
509,5,0
510,4,0
511,5,0
512,6,0
513,5,0
514,5,0
515,5,0
516,5,0
517,5,0
518,5,0
519,5,0
520,6,1
521,6,0
522,5,0
523,5,0
524,6,0
525,5,1
526,5,0
527,5,0
528,4,0
529,4,0
530,2,1
531,3,1
532,1,1
533,1,1
534,1,2
535,1,2
536,1,1
537,2,2
538,2,1
539,1,2
540,2,0
541,2,1
542,1,1
543,3,1
544,3,0
545,2,0
546,2,0
547,4,0
548,3,0
549,2,1
550,2,2
551,2,2
552,0,3
553,1,1
554,0,2
555,2,1
556,0,1
557,2,1
558,3,0
559,3,0
560,4,0
561,3,0
562,2,0
563,2,0
564,1,0
565,1,1
566,1,1
567,1,2
568,1,1
569,1,1
570,0,1
571,0,1
572,1,1
573,1,0
574,1,0
575,1,0
576,1,0
577,1,0
578,1,0
579,1,0
580,1,0
581,2,0
582,3,0
583,3,0
584,4,0
585,3,0
586,5,0
587,4,0
588,4,0
589,4,0
590,5,0
591,3,0
592,3,0
593,3,0
594,3,0
595,3,0
596,2,1
597,1,2
598,1,2
599,0,2
600,1,2
601,0,1
602,0,1
603,0,1
604,1,1
605,2,0
606,2,0
607,2,0
608,2,0
609,3,0
610,3,0
611,4,0
612,4,1
613,4,0
614,3,0
615,3,0
616,3,0
617,3,1
618,2,1
619,3,1
620,3,1
621,2,1
622,1,1
623,1,2
624,1,2
625,1,2
626,1,3
627,1,2
628,1,3
629,2,2
630,1,2
631,2,2
632,2,0
633,2,0
634,2,0
635,2,0
636,2,0
637,3,0
638,4,0
639,5,1
640,4,0
641,4,0
642,5,0
643,3,1
644,5,0
645,3,1
646,4,0
647,5,0
648,5,0
649,5,0
650,6,0
651,5,0
652,5,0
653,6,0
654,5,0
655,5,0
656,4,0
657,5,1
658,5,1
659,6,1
660,4,1
661,6,1
662,6,1
663,5,1
664,4,2
665,3,1
666,5,2
667,6,2
668,6,2
669,4,1
670,4,1
671,4,0
672,3,1
673,5,1
674,4,1
675,2,2
676,4,2
677,3,2
678,4,1
679,4,2
680,5,2
681,4,2
682,3,1
683,4,2
684,4,1
685,4,1
686,5,0
687,5,0
688,4,0
689,6,0
690,5,0
691,4,0
692,4,2
693,5,0
694,4,0
695,4,0
696,5,0
697,6,1
698,5,0
699,4,0
700,3,0
701,4,0
702,5,0
703,6,0
704,4,0
705,4,0
706,5,0
707,5,0
708,5,0
709,5,0
710,5,0
711,5,0
712,5,0
713,5,1
714,4,1
715,5,1
716,5,0
717,3,0
718,2,1
719,2,1
720,2,3
721,3,3
722,1,3
723,3,1
724,2,1
725,1,1
726,3,1
727,4,1
728,5,0
729,4,1
730,4,2
731,3,0
732,2,2
733,2,2
734,1,2
735,1,2
736,1,1
737,1,1
738,2,1
739,2,0
740,3,2
741,3,2
742,2,1
743,2,0
744,2,0
745,2,0
746,1,1
747,1,0
748,1,0
749,1,1
750,1,1
751,1,1
752,1,1
753,1,1
754,1,1
755,1,1
756,1,1
757,1,1
758,1,1
759,1,1
760,0,0
761,0,0
762,0,0
763,0,0
764,0,1
765,0,1
766,0,1
767,0,1
768,0,0
769,0,1
770,0,1
771,1,1
772,2,1
773,2,1
774,2,1
775,2,0
776,3,0
777,3,0
778,3,0
779,3,0
780,4,1
781,5,0
782,3,1
783,5,0
784,5,0
785,5,1
786,6,1
787,6,1
788,7,1
789,6,0
790,6,0
791,6,1
792,6,2
793,8,1
794,7,1
795,6,1
796,7,1
797,7,1
798,7,1
799,7,0
800,8,0
801,9,1
802,8,1
803,8,1
804,8,0
805,8,0
806,7,0
807,6,0
808,7,0
809,6,0
810,6,0
811,7,0
812,6,0
813,6,0
814,6,0
815,8,0
816,7,0
817,6,0
818,5,0
819,7,0
820,7,0
821,7,0
822,5,0
823,5,0
824,6,0
825,6,0
826,5,0
827,7,0
828,6,1
829,5,0
830,6,0
831,6,0
832,6,0
833,5,0
834,5,1
835,7,0
836,7,1
837,6,0
838,5,0
839,6,0
840,2,1
841,5,0
842,4,0
843,3,1
844,2,1
845,3,1
846,3,3
847,3,1
848,3,2
849,2,1
850,3,1
851,2,1
852,2,1
853,2,1
854,2,1
855,1,1
856,1,1
857,1,1
858,2,1
859,2,1
860,3,0
861,3,0
862,3,0
863,2,0
864,3,0
865,4,0
866,4,0
867,4,0
868,3,0
869,3,0
870,3,0
871,4,0
872,4,1
873,4,1
874,4,1
875,4,0
876,3,0
877,3,0
878,3,2
879,2,2
880,3,2
881,2,2
882,3,1
883,2,1
884,3,1
885,4,1
886,4,1
887,4,1
888,4,1
889,3,2
890,4,1
891,3,3
892,1,1
893,0,3
894,1,3
895,0,3
896,2,2
897,1,2
898,1,2
899,0,2
900,2,2
901,1,1
902,1,1
903,1,0
904,1,0
905,2,0
906,3,0
907,3,0
908,3,0
909,3,0
910,2,0
911,4,0
912,3,0
913,4,0
914,4,0
915,5,0
916,6,0
917,5,0
918,6,0
919,8,0
920,7,0
921,7,0
922,6,0
923,6,0
924,6,0
925,4,0
926,3,0
927,3,0
928,2,2
929,4,2
930,5,0
931,5,0
932,5,0
933,7,0
934,7,0
935,3,0
936,7,0
937,4,1
938,3,0
939,4,0
940,4,0
941,4,0
942,3,0
943,3,0
944,3,0
945,3,0
946,4,0
947,5,0
948,5,0
949,5,0
950,5,0
951,5,0
952,5,0
953,6,0
954,6,0
955,5,0
956,5,0
957,6,0
958,6,0
959,7,0
960,5,0
961,5,0
962,4,0
963,4,0
964,4,1
965,3,2
966,5,0
967,5,0
968,3,2
969,4,1
970,3,0
971,3,1
972,2,0
973,2,0
974,3,2
975,4,0
976,2,1
977,4,0
978,4,0
979,4,0
980,4,0
981,4,1
982,4,0
983,5,0
984,5,0
985,6,0
986,6,0
987,5,1
988,3,0
989,3,0
990,4,0
991,3,1
992,4,0
993,5,0
994,5,0
995,6,0
996,6,0
997,6,0
998,6,0
999,6,0
1000,5,0
1001,6,0
1002,5,0
1003,4,0
1004,4,0
1005,5,0
1006,5,0
1007,6,0
1008,6,0
1009,5,0
1010,5,0
1011,5,1
1012,7,0
1013,6,0
1014,7,0
1015,5,0
1016,5,0
1017,4,0
1018,6,0
1019,6,0
1020,6,0
1021,6,0
1022,4,0
1023,4,0
1024,5,0
1025,4,0
1026,5,1
1027,7,0
1028,5,0
1029,5,0
1030,5,0
1031,6,0
1032,6,0
1033,5,0
1034,6,0
1035,5,0
1036,6,0
1037,5,0
1038,3,1
1039,2,2
1040,2,1
1041,3,1
1042,3,1
1043,4,1
1044,4,2
1045,5,1
1046,4,1
1047,4,2
1048,4,2
1049,3,1
1050,3,2
1051,4,1
1052,4,1
1053,4,1
1054,3,1
1055,3,0
1056,3,1
1057,4,1
1058,4,1
1059,4,0
1060,5,0
1061,4,0
1062,4,0
1063,4,0
1064,4,0
1065,3,0
1066,5,0
1067,2,0
1068,3,0
1069,3,0
1070,4,0
1071,3,0
1072,4,0
1073,4,0
1074,4,0
1075,3,0
1076,3,0
1077,3,0
1078,4,0
1079,4,0
1080,4,0
1081,5,0
1082,4,1
1083,5,1
1084,4,1
1085,6,0
1086,5,0
1087,5,0
1088,7,0
1089,6,0
1090,6,0
1091,5,0
1092,5,0
1093,5,0
1094,6,0
1095,3,2
1096,4,2
1097,4,1
1098,4,1
1099,3,1
1100,4,0
1101,5,0
1102,4,0
1103,4,0
1104,4,0
1105,5,0
1106,6,0
1107,5,0
1108,4,1
1109,7,1
1110,5,0
1111,6,0
1112,7,0
1113,7,0
1114,6,0
1115,5,0
1116,5,0
1117,7,0
1118,3,1
1119,3,0
1120,1,2
1121,2,2
1122,3,3
1123,4,0
1124,4,0
1125,3,0
1126,3,0
1127,3,1
1128,3,0
1129,4,0
1130,3,0
1131,3,0
1132,2,1
1133,3,2
1134,4,0
1135,3,0
1136,4,2
1137,5,0
1138,4,1
1139,3,2
1140,4,0
1141,3,0
1142,2,1
1143,1,1
1144,1,1
1145,1,1
1146,1,1
1147,2,1
1148,2,1
1149,1,2
1150,2,1
1151,2,0
1152,2,0
1153,4,0
1154,3,0
1155,3,0
1156,2,2
1157,2,0
1158,3,0
1159,3,0
1160,4,0
1161,4,0
1162,4,0
1163,5,0
1164,5,0
1165,5,0
1166,5,0
1167,5,0
1168,6,0
1169,8,0
1170,6,0
1171,7,0
1172,6,0
1173,4,0
1174,6,0
1175,6,0
1176,5,0
1177,6,0
1178,5,0
1179,4,0
1180,6,0
1181,4,0
1182,3,1
1183,4,0
1184,3,1
1185,4,0
1186,6,0
1187,6,0
1188,6,0
1189,6,0
1190,5,0
1191,5,0
1192,5,1
1193,5,0
1194,5,0
1195,5,0
1196,6,0
1197,4,0
1198,5,0
1199,7,0
1200,6,0
1201,6,0
1202,6,0
1203,8,0
1204,7,0
1205,6,2
1206,4,0
1207,5,0
1208,4,0
1209,7,0
1210,6,1
1211,4,0
1212,4,1
1213,4,0
1214,3,1
1215,2,1
1216,2,2
1217,2,1
1218,2,1
1219,2,0
1220,0,3
1221,1,3
1222,1,1
1223,1,1
1224,1,1
1225,0,1
1226,0,1
1227,0,1
1228,1,1
1229,1,1
1230,2,1
1231,3,1
1232,3,1
1233,2,0
1234,3,0
1235,2,1
1236,2,2
1237,3,1
1238,1,1
1239,2,1
1240,0,2
1241,0,2
1242,0,2
1243,0,2
1244,0,1
1245,0,1
1246,0,1
1247,0,1
1248,0,1
1249,0,1
1250,0,0
1251,0,0
1252,0,0
1253,0,0
1254,0,1
1255,0,1
1256,0,1
1257,0,1
1258,0,1
1259,0,1
1260,0,1
1261,0,1
1262,0,1
1263,0,0
1264,0,1
1265,0,0
1266,1,1
1267,1,1
1268,1,1
1269,1,1
1270,2,2
1271,2,1
1272,2,0
1273,2,0
1274,2,0
1275,4,1
1276,4,0
1277,4,0
1278,3,1
1279,5,1
1280,5,1
1281,4,0
1282,4,0
1283,4,0
1284,6,1
1285,4,1
1286,5,2
1287,7,0
1288,6,1
1289,5,0
1290,4,0
1291,4,0
1292,4,0
1293,4,0
1294,6,0
1295,5,0
1296,5,0
1297,6,0
1298,7,0
1299,6,0
1300,6,0
1301,8,0
1302,7,0
1303,4,0
1304,5,0
1305,4,0
1306,5,0
1307,5,0
1308,6,0
1309,5,0
1310,4,0
1311,4,0
1312,5,0
1313,5,0
1314,3,0
1315,3,0
1316,3,1
1317,3,1
1318,1,1
1319,2,1
1320,2,3
1321,2,2
1322,2,1
1323,4,1
1324,3,1
1325,4,0
1326,4,0
1327,5,1
1328,3,0
1329,3,1
1330,4,0
1331,5,0
1332,4,0
1333,2,1
1334,2,2
1335,2,1
1336,1,3
1337,3,3
1338,2,2
1339,1,2
1340,1,2
1341,1,2
1342,1,2
1343,0,1
1344,0,1
1345,0,1
1346,0,0
1347,0,1
1348,0,0
1349,0,1
1350,0,1
1351,0,1
1352,0,1
1353,0,1
1354,0,0
1355,0,0
1356,0,0
1357,0,0
1358,1,1
1359,0,1
1360,0,0
1361,0,0
1362,0,1
1363,0,1
1364,0,1
1365,0,1
1366,1,1
1367,1,1
1368,1,1
1369,2,0
1370,2,0
1371,3,0
1372,3,0
1373,3,0
1374,4,0
1375,4,0
1376,4,0
1377,5,0
1378,4,0
1379,3,0
1380,4,1
1381,5,0
1382,5,0
1383,5,0
1384,5,0
1385,4,0
1386,2,1
1387,4,0
1388,4,0
1389,3,0
1390,4,0
1391,4,0
1392,6,1
1393,5,0
1394,6,0
1395,5,1
1396,5,1
1397,6,0
1398,5,0
1399,6,0
1400,7,0
1401,7,0
1402,4,0
1403,3,0
1404,4,0
1405,4,0
1406,4,0
1407,5,0
1408,6,0
1409,5,0
1410,6,0
1411,5,1
1412,4,1
1413,5,0
1414,5,0
1415,5,0
1416,6,0
1417,5,0
1418,5,1
1419,5,0
1420,6,0
1421,5,0
1422,4,0
1423,5,0
1424,4,0
1425,3,0
1426,5,0
1427,4,0
1428,4,0
1429,4,2
1430,4,1
1431,5,0
1432,5,0
1433,5,0
1434,3,0
1435,4,0
1436,5,0
1437,5,0
1438,5,0
1439,5,0
1440,6,0
1441,6,0
1442,5,0
1443,4,0
1444,5,0
1445,5,0
1446,6,0
1447,5,0
1448,6,1
1449,4,1
1450,4,0
1451,5,0
1452,5,2
1453,4,0
1454,4,0
1455,4,0
1456,4,1
1457,6,0
1458,5,0
1459,5,1
1460,4,0
1461,4,0
1462,3,0
1463,4,0
1464,4,0
1465,4,0
1466,3,1
1467,3,1
1468,5,0
1469,5,0
1470,5,0
1471,3,0
1472,5,0
1473,4,0
1474,5,0
1475,5,0
1476,5,0
1477,4,0
1478,4,1
1479,4,2
1480,5,0
1481,6,2
1482,4,1
1483,6,0
1484,4,0
1485,4,0
1486,5,0
1487,5,0
1488,4,0
1489,4,0
1490,5,0
1491,5,0
1492,5,0
1493,4,2
1494,5,1
1495,4,0
1496,2,1
1497,4,1
1498,4,1
1499,5,0
1500,4,0
1501,4,0
1502,5,1
1503,6,0
1504,4,0
1505,4,0
1506,4,0
1507,6,1
1508,6,0
1509,5,0
1510,4,1
1511,6,0
1512,5,0
1513,5,0
1514,5,1
1515,5,0
1516,6,0
1517,5,1
1518,4,1
1519,4,1
1520,5,0
1521,3,0
1522,4,0
1523,4,2
1524,5,0
1525,4,0
1526,3,0
1527,3,0
1528,4,0
1529,5,0
1530,3,0
1531,4,0
1532,4,0
1533,4,0
1534,3,0
1535,3,0
1536,2,0
1537,2,0
1538,2,0
1539,2,1
1540,1,2
1541,0,1
1542,1,1
1543,1,1
1544,1,2
1545,1,2
1546,2,1
1547,1,1
1548,2,1
1549,2,1
1550,2,2
1551,2,1
1552,3,1
1553,4,1
1554,4,0
1555,3,0
1556,3,0
1557,3,0
1558,3,0
1559,3,0
1560,2,1
1561,1,1
1562,1,1
1563,1,1
1564,1,1
1565,0,1
1566,0,2
1567,0,0
1568,0,0
1569,1,0
1570,1,0
1571,2,0
1572,3,0
1573,3,0
1574,2,1
1575,2,1
1576,2,1
1577,2,1
1578,3,1
1579,3,1
1580,3,0
1581,2,2
1582,2,1
1583,3,0
1584,4,0
1585,4,0
1586,6,0
1587,4,1
1588,5,0
1589,5,0
1590,5,0
1591,4,0
1592,4,0
1593,5,0
1594,6,0
1595,5,0
1596,4,0
1597,5,1
1598,6,0
1599,4,0
1600,5,1
1601,5,0
1602,5,1
1603,5,0
1604,4,0
1605,5,0
1606,4,0
1607,2,1
1608,4,0
1609,3,0
1610,1,1
1611,1,1
1612,3,0
1613,4,0
1614,4,0
1615,5,0
1616,4,0
1617,2,2
1618,4,0
1619,4,0
1620,5,0
1621,3,1
1622,4,0
1623,6,0
1624,6,0
1625,6,0
1626,5,0
1627,4,0
1628,4,0
1629,4,0
1630,4,0
1631,4,0
1632,4,0
1633,4,0
1634,3,0
1635,3,0
1636,4,0
1637,4,0
1638,3,0
1639,2,0
1640,2,0
1641,2,0
1642,2,0
1643,2,0
1644,1,0
1645,1,0
1646,1,0
1647,1,0
1648,1,0
1649,0,0
1650,0,0
1651,1,0
1652,0,0
1653,0,0
1654,0,0
1655,0,0
1656,0,0
1657,1,0
1658,1,0
1659,2,0
1660,2,0
1661,2,0
1662,2,0
1663,1,0
1664,2,0
1665,1,0
1666,0,1
1667,0,1
1668,1,1
1669,0,0
1670,0,0
1671,0,0
1672,1,0
1673,1,0
1674,1,1
1675,0,1
1676,1,0
1677,1,1
1678,1,0
1679,0,0
1680,0,0
1681,0,0
1682,0,0
1683,0,0
1684,0,0
1685,0,0
1686,0,0
1687,0,0
1688,0,0
1689,0,0
1690,0,0
1691,0,0
1692,1,0
1693,1,0
1694,1,0
1695,0,1
1696,0,1
1697,1,0
1698,0,0
1699,0,0
1700,1,0
1701,1,0
1702,1,0
1703,1,0
1704,0,0
1705,0,0
1706,0,0
1707,0,1
1708,0,1
1709,1,1
1710,1,0
1711,0,1
1712,0,1
1713,0,0
1714,0,0
1715,0,0
1716,1,0
1717,1,0
1718,1,0
1719,2,0
1720,2,0
1721,1,0
1722,1,0
1723,1,0
1724,1,0
1725,0,0
1726,1,0
1727,1,0
1728,1,0
1729,0,1
1730,0,0
1731,0,0
1732,0,0
1733,0,0
1734,0,0
1735,0,0
1736,0,0
1737,0,0
1738,0,0
1739,0,0
1740,0,0
1741,1,0
1742,1,0
1743,1,0
1744,0,1
1745,0,2
1746,1,1
1747,0,0
1748,0,0
1749,0,0
1750,0,0
1751,0,0
1752,0,0
1753,0,0
1754,0,0
1755,0,0
1756,0,0
1757,0,0
1758,0,0
1759,0,0
1760,0,1
1761,0,1
1762,0,1
1763,0,0
1764,0,0
1765,1,0
1766,1,0
1767,1,0
1768,1,1
1769,0,1
1770,0,0
1771,0,1
1772,0,1
1773,0,1
1774,0,0
1775,0,0
1776,1,0
1777,1,0
1778,2,0
1779,1,0
1780,1,0
1781,0,0
1782,0,0
1783,0,0
1784,0,0
1785,0,0
1786,0,0
1787,0,0
1788,0,1
1789,0,1
1790,0,1
1791,0,1
1792,0,0
1793,0,0
1794,0,0
1795,1,0
1796,1,0
1797,2,0
1798,2,0
1799,2,1
1800,1,0
1801,1,0
1802,1,0
1803,0,0
1804,0,0
1805,0,0
1806,0,0
1807,0,0
1808,0,0
1809,0,0
1810,0,0
1811,0,0
1812,0,0
1813,0,0
1814,0,0
1815,0,0
1816,0,0
1817,0,0
1818,0,0
1819,0,0
1820,0,0
1821,1,0
1822,1,0
1823,1,0
1824,1,0
1825,2,0
1826,2,0
1827,2,0
1828,2,0
1829,0,1
1830,0,2
1831,1,2
1832,1,1
1833,0,2
1834,0,2
1835,0,0
1836,2,0
1837,2,0
1838,2,0
1839,2,0
1840,2,0
1841,1,0
1842,0,0
1843,0,0
1844,0,0
1845,0,0
1846,0,0
1847,0,0
1848,0,0
1849,0,0
1850,0,0
1851,0,0
1852,0,0
1853,0,0
1854,0,0
1855,0,0
1856,0,0
1857,0,0
1858,0,0
1859,0,0
1860,0,0
1861,0,0
1862,0,0
1863,1,0
1864,1,0
1865,1,0
1866,0,0
1867,1,0
1868,0,0
1869,0,0
1870,0,0
1871,0,0
1872,1,0
1873,1,0
1874,0,0
1875,0,0
1876,0,0
1877,0,0
1878,0,0
1879,0,0
1880,0,1
1881,0,1
1882,1,0
1883,0,1
1884,0,1
1885,0,1
1886,0,0
1887,0,0
1888,0,0
1889,0,0
1890,1,0
1891,1,0
1892,1,1
1893,0,1
1894,2,2
1895,0,2
1896,0,1
1897,0,1
1898,0,1
1899,1,1
1900,1,1
1901,1,1
1902,1,0
1903,1,0
1904,1,0
1905,1,0
1906,1,0
1907,1,0
1908,0,0
1909,1,0
1910,1,0
1911,1,0
1912,1,0
1913,1,0
1914,1,0
1915,1,0
1916,1,1
1917,1,1
1918,0,0
1919,0,0
1920,0,0
1921,0,0
1922,1,0
1923,1,0
1924,1,0
1925,1,0
1926,0,1
1927,0,1
1928,0,1
1929,0,0
1930,0,0
1931,0,0
1932,0,0
1933,0,0
1934,0,0
1935,0,0
1936,1,0
1937,1,0
1938,1,0
1939,0,0
1940,0,1
1941,0,1
1942,0,1
1943,0,0
1944,0,0
1945,0,0
1946,0,0
1947,1,0
1948,1,0
1949,1,0
1950,3,0
1951,3,0
1952,2,0
1953,1,1
1954,1,1
1955,0,0
1956,0,0
1957,0,0
1958,0,0
1959,2,0
1960,2,0
1961,2,0
1962,2,1
1963,2,0
1964,0,0
1965,0,0
1966,0,0
1967,0,0
1968,0,0
1969,0,0
1970,0,1
1971,0,1
1972,1,0
1973,0,1
1974,0,1
1975,0,0
1976,0,0
1977,0,0
1978,0,0
1979,0,0
1980,0,0
1981,1,0
1982,1,0
1983,1,1
1984,1,1
1985,1,0
1986,1,0
1987,2,0
1988,1,0
1989,2,0
1990,2,1
1991,1,1
1992,0,2
1993,0,2
1994,1,1
1995,1,0
1996,1,1
1997,1,1
1998,1,0
1999,1,0
2000,2,0
2001,3,0
2002,2,0
2003,3,0
2004,2,0
2005,1,0
2006,0,1
2007,1,0
2008,0,0
2009,1,0
2010,1,0
2011,1,0
2012,1,0
2013,2,0
2014,1,0
2015,1,0
2016,1,0
2017,1,0
2018,1,0
2019,0,0
2020,0,0
2021,1,1
2022,1,0
2023,1,0
2024,0,0
2025,0,0
2026,0,0
2027,0,0
2028,0,0
2029,0,0
2030,0,0
2031,1,0
2032,1,0
2033,2,0
2034,1,0
2035,2,0
2036,2,0
2037,2,0
2038,1,1
2039,1,0
2040,0,0
2041,0,0
2042,0,0
2043,1,0
2044,1,0
2045,2,0
2046,1,0
2047,1,0
2048,1,0
2049,2,1
2050,1,0
2051,1,0
2052,0,0
2053,0,0
2054,1,0
2055,1,0
2056,1,0
2057,1,0
2058,1,0
2059,1,0
2060,0,0
2061,1,0
2062,1,0
2063,1,0
2064,1,0
2065,1,0
2066,1,1
2067,1,0
2068,1,0
2069,1,0
2070,0,0
2071,1,0
2072,1,0
2073,1,0
2074,2,0
2075,2,0
2076,2,0
2077,2,0
2078,2,0
2079,3,0
2080,2,0
2081,3,0
2082,3,0
2083,4,0
2084,3,0
2085,5,1
2086,5,0
2087,6,0
2088,6,0
2089,5,0
2090,5,0
2091,6,0
2092,5,1
2093,5,0
2094,6,0
2095,5,0
2096,5,0
2097,6,0
2098,6,0
2099,5,0
2100,5,1
2101,3,1
2102,3,1
2103,3,1
2104,2,1
2105,3,1
2106,4,1
2107,3,1
2108,3,3
2109,3,2
2110,3,2
2111,5,1
2112,5,1
2113,7,1
2114,5,1
2115,5,1
2116,4,1
2117,5,1
2118,1,2
2119,2,1
2120,1,3
2121,1,1
2122,1,1
2123,3,1
2124,2,1
2125,3,2
2126,3,0
2127,3,0
2128,4,1
2129,4,1
2130,3,2
2131,3,1
2132,3,1
2133,6,1
2134,5,0
2135,5,0
2136,5,0
2137,4,0
2138,3,0
2139,4,0
2140,3,0
2141,4,0
2142,4,0
2143,4,0
2144,3,0
2145,3,1
2146,4,1
2147,3,0
2148,3,1
2149,3,2
2150,2,2
2151,1,2
2152,1,2
2153,1,1
2154,1,1
2155,1,1
2156,2,1
2157,3,1
2158,3,0
2159,3,0
2160,5,0
2161,6,0
2162,5,0
2163,4,1
2164,4,0
2165,5,0
2166,6,0
2167,6,0
2168,5,0
2169,5,0
2170,4,1
2171,3,2
2172,2,0
2173,1,0
2174,2,0
2175,2,1
2176,2,1
2177,2,1
2178,1,2
2179,1,2
2180,2,2
2181,2,3
2182,3,1
2183,2,1
2184,2,1
2185,3,2
2186,4,2
2187,3,3
2188,3,1
2189,4,1
2190,3,1
2191,3,1
2192,5,1
2193,3,0
2194,2,1
2195,0,2
2196,0,1
2197,0,1
2198,0,1
2199,0,1
2200,1,1
2201,1,0
2202,1,0
2203,1,0
2204,1,0
2205,3,0
2206,3,0
2207,2,0
2208,1,0
2209,2,0
2210,2,1
2211,1,1
2212,1,1
2213,3,1
2214,4,1
2215,3,0
2216,3,0
2217,3,0
2218,3,0
2219,3,0
2220,3,1
2221,2,0
2222,2,1
2223,2,0
2224,3,0
2225,2,0
2226,2,0
2227,2,0
2228,2,0
2229,1,0
2230,1,0
2231,1,2
2232,2,1
2233,1,1
2234,1,1
2235,2,1
2236,2,1
2237,1,1
2238,1,0
2239,3,0
2240,3,0
2241,3,0
2242,3,0
2243,3,0
2244,4,0
2245,5,0
2246,4,0
2247,3,1
2248,2,0
2249,4,0
2250,3,1
2251,4,1
2252,4,0
2253,5,0
2254,6,0
2255,5,0
2256,5,0
2257,6,0
2258,5,0
2259,4,0
2260,4,0
2261,5,0
2262,4,0
2263,4,0
2264,4,0
2265,6,0
2266,5,0
2267,6,0
2268,4,0
2269,6,0
2270,6,0
2271,5,0
2272,5,0
2273,6,0
2274,4,0
2275,4,0
2276,3,0
2277,5,0
2278,6,0
2279,5,0
2280,3,0
2281,3,0
2282,3,0
2283,2,0
2284,2,0
2285,2,0
2286,2,0
2287,1,0
2288,3,0
2289,1,0
2290,2,0
2291,2,0
2292,2,0
2293,2,0
2294,3,0
2295,3,0
2296,3,0
2297,2,0
2298,2,0
2299,1,0
2300,1,0
2301,1,1
2302,1,0
2303,0,0
2304,0,0
2305,0,0
2306,0,0
2307,0,0
2308,0,0
2309,0,0
2310,0,0
2311,0,0
2312,1,0
2313,1,0
2314,1,0
2315,1,0
2316,0,0
2317,1,0
2318,0,0
2319,0,0
2320,2,0
2321,2,0
2322,2,0
2323,1,0
2324,1,0
2325,0,0
2326,0,0
2327,0,0
2328,0,0
2329,0,0
2330,0,0
2331,0,0
2332,0,0
2333,0,0
2334,0,0
2335,0,0
2336,0,0
2337,0,0
2338,0,0
2339,0,0
2340,0,0
2341,0,0
2342,0,0
2343,0,0
2344,0,0
2345,0,0
2346,0,0
2347,0,0
2348,0,0
2349,0,0
2350,1,0
2351,2,0
2352,2,0
2353,0,0
2354,1,1
2355,1,0
2356,1,1
2357,1,1
2358,2,0
2359,2,0
2360,1,1
2361,1,0
2362,0,1
2363,0,0
2364,0,0
2365,0,0
2366,0,0
2367,0,0
2368,0,0
2369,0,0
2370,0,0
2371,0,0
2372,0,0
2373,0,0
2374,0,0
2375,1,0
2376,1,0
2377,1,0
2378,1,0
2379,1,0
2380,1,0
2381,1,0
2382,1,0
2383,1,0
2384,0,0
2385,2,1
2386,2,0
2387,2,0
2388,2,0
2389,2,0
2390,0,0
2391,0,0
2392,0,0
2393,0,0
2394,0,0
2395,0,0
2396,0,0
2397,0,0
2398,0,0
2399,0,0
2400,0,0
2401,2,0
2402,2,0
2403,2,0
2404,1,1
2405,0,0
2406,0,0
2407,1,0
2408,1,1
2409,0,1
2410,1,0
2411,1,0
2412,0,0
2413,0,0
2414,0,0
2415,1,0
2416,1,0
2417,1,0
2418,1,0
2419,1,1
2420,1,0
2421,0,0
2422,0,0
2423,0,0
2424,1,0
2425,1,0
2426,1,0
2427,1,0
2428,1,0
2429,2,0
2430,1,0
2431,1,0
2432,2,0
2433,2,0
2434,2,0
2435,2,0
2436,1,0
2437,0,0
2438,0,0
2439,0,0
2440,0,0
2441,0,0
2442,0,0
2443,0,0
2444,1,0
2445,1,0
2446,1,0
2447,2,0
2448,2,0
2449,1,0
2450,1,0
2451,1,0
2452,0,0
2453,0,0
2454,0,0
2455,1,1
2456,1,0
2457,2,0
2458,2,0
2459,3,0
2460,1,0
2461,0,0
2462,0,0
2463,0,0
2464,0,0
2465,0,0
2466,1,0
2467,1,0
2468,1,0
2469,1,0
2470,0,0
2471,0,0
2472,0,0
2473,0,0
2474,0,0
2475,0,0
2476,0,0
2477,0,0
2478,0,0
2479,0,0
2480,0,0
2481,0,0
2482,1,0
2483,1,0
2484,1,0
2485,0,0
2486,0,0
2487,0,0
2488,1,0
2489,1,0
2490,2,0
2491,2,0
2492,1,1
2493,0,0
2494,0,0
2495,0,0
2496,0,0
2497,0,0
2498,0,0
2499,0,0
2500,0,0
2501,1,0
2502,1,0
2503,1,0
2504,0,0
2505,0,0
2506,0,0
2507,0,0
2508,0,0
2509,0,0
2510,0,0
2511,0,0
2512,1,0
2513,1,0
2514,1,0
2515,1,0
2516,1,0
2517,1,0
2518,0,0
2519,0,0
2520,0,0
2521,0,0
2522,0,0
2523,0,0
2524,0,0
2525,0,0
2526,0,0
2527,1,0
2528,1,0
2529,1,0
2530,1,0
2531,1,0
2532,0,0
2533,0,0
2534,0,0
2535,1,0
2536,0,1
2537,0,1
2538,0,1
2539,0,2
2540,0,0
2541,0,0
2542,0,0
2543,0,0
2544,0,0
2545,0,0
2546,0,0
2547,0,0
2548,0,0
2549,0,0
2550,0,0
2551,0,0
2552,0,0
2553,0,0
2554,0,0
2555,0,0
2556,0,0
2557,0,0
2558,0,0
2559,0,0
2560,0,0
2561,0,1
2562,0,1
2563,0,1
2564,0,0
2565,1,0
2566,1,0
2567,1,0
2568,1,0
2569,0,0
2570,0,0
2571,0,0
2572,0,0
2573,1,0
2574,1,0
2575,1,0
2576,1,0
2577,1,0
2578,1,0
2579,1,0
2580,0,0
2581,1,0
2582,1,0
2583,1,0
2584,1,0
2585,0,1
2586,0,0
2587,0,0
2588,0,0
2589,0,0
2590,0,0
2591,0,0
2592,0,0
2593,0,0
2594,1,0
2595,1,0
2596,1,0
2597,1,0
2598,1,0
2599,2,0
2600,1,0
2601,2,0
2602,3,0
2603,2,0
2604,2,1
2605,2,2
2606,1,2
2607,1,1
2608,0,1
2609,1,0
2610,1,0
2611,1,1
2612,1,1
2613,1,1
2614,1,0
2615,2,0
2616,2,0
2617,1,0
2618,1,0
2619,2,0
2620,2,0
2621,1,0
2622,1,0
2623,1,1
2624,1,1
2625,1,1
2626,1,1
2627,3,0
2628,2,1
2629,3,0
2630,2,0
2631,2,0
2632,0,0
2633,1,0
2634,1,0
2635,1,0
2636,1,1
2637,2,0
2638,2,0
2639,3,0
2640,3,0
2641,3,1
2642,1,0
2643,1,0
2644,1,0
2645,0,0
2646,0,0
2647,0,0
2648,0,0
2649,1,0
2650,1,0
2651,2,0
2652,3,0
2653,3,1
2654,2,1
2655,2,0
2656,2,0
2657,2,0
2658,1,0
2659,1,0
2660,0,0
2661,0,0
2662,0,0
2663,0,0
2664,0,0
2665,0,0
2666,1,0
2667,1,0
2668,1,0
2669,1,0
2670,1,0
2671,1,0
2672,1,0
2673,1,0
2674,1,0
2675,2,0
2676,1,0
2677,0,0
2678,2,0
2679,2,0
2680,1,0
2681,1,0
2682,1,0
2683,0,0
2684,0,0
2685,1,0
2686,1,0
2687,1,0
2688,0,0
2689,0,0
2690,0,0
2691,0,0
2692,0,0
2693,0,0
2694,0,0
2695,0,0
2696,0,0
2697,0,0
2698,0,0
2699,0,0
2700,0,0
2701,0,0
2702,0,0
2703,0,0
2704,0,0
2705,0,0
2706,0,0
2707,0,0
2708,0,0
2709,0,0
2710,0,0
2711,0,0
2712,0,0
2713,0,0
2714,0,0
2715,0,0
2716,0,0
2717,0,0
2718,0,0
2719,0,0
2720,0,0
2721,0,0
2722,0,0
2723,0,0
2724,0,0
2725,0,0
2726,0,0
2727,0,0
2728,0,0
2729,0,0
2730,0,0
2731,0,0
2732,0,0
2733,0,0
2734,0,0
2735,1,0
2736,1,0
2737,0,0
2738,1,0
2739,1,0
2740,1,0
2741,1,0
2742,3,0
2743,3,0
2744,2,0
2745,2,0
2746,1,1
2747,2,0
2748,0,0
2749,0,1
2750,0,1
2751,0,1
2752,0,1
2753,1,1
2754,1,0
2755,2,0
2756,2,0
2757,0,0
2758,0,0
2759,0,0
2760,1,0
2761,1,0
2762,2,0
2763,1,1
2764,2,0
2765,2,1
2766,2,0
2767,3,1
2768,2,0
2769,3,0
2770,3,0
2771,3,0
2772,2,1
2773,2,0
2774,0,0
2775,1,0
2776,1,0
2777,1,1
2778,1,1
2779,0,1
2780,1,0
2781,0,0
2782,1,0
2783,1,0
2784,1,0
2785,1,1
2786,0,0
2787,0,0
2788,0,0
2789,0,0
2790,0,0
2791,1,0
2792,1,0
2793,1,1
2794,1,0
2795,1,0
2796,0,0
2797,0,0
2798,0,0
2799,0,0
2800,0,0
2801,0,0
2802,0,0
2803,0,0
2804,0,0
2805,0,0
2806,0,0
2807,0,0
2808,0,0
2809,0,0
2810,0,0
2811,0,0
2812,0,0
2813,0,0
2814,0,1
2815,0,1
2816,0,1
2817,0,0
2818,1,0
2819,2,0
2820,2,1
2821,0,2
2822,0,1
2823,0,1
2824,0,1
2825,0,1
2826,0,0
2827,0,0
2828,1,0
2829,1,0
2830,2,0
2831,1,1
2832,1,1
2833,3,0
2834,3,0
2835,4,0
2836,2,0
2837,1,0
2838,1,0
2839,1,1
2840,2,0
2841,1,0
2842,1,0
2843,1,0
2844,1,0
2845,0,0
2846,0,0
2847,0,0
2848,1,1
2849,2,0
2850,2,0
2851,2,0
2852,2,0
2853,2,0
2854,1,0
2855,1,0
2856,2,0
2857,2,0
2858,1,1
2859,0,0
2860,1,1
2861,0,1
2862,1,2
2863,1,0
2864,1,1
2865,0,0
2866,0,0
2867,1,0
2868,1,0
2869,2,0
2870,1,0
2871,1,0
2872,1,0
2873,2,0
2874,1,0
2875,1,0
2876,0,0
2877,0,0
2878,0,0
2879,0,0
2880,0,0
2881,0,0
2882,0,0
2883,0,0
2884,1,0
2885,1,0
2886,1,0
2887,1,0
2888,1,0
2889,1,0
2890,2,0
2891,2,0
2892,2,0
2893,0,1
2894,0,0
2895,0,0
2896,0,1
2897,0,1
2898,0,1
2899,0,1
2900,0,0
2901,0,0
2902,1,0
2903,2,0
2904,2,0
2905,2,0
2906,3,0
2907,2,0
2908,2,0
2909,2,0
2910,3,0
2911,3,0
2912,4,0
2913,3,0
2914,3,0
2915,2,0
2916,2,0
2917,1,0
2918,1,0
2919,1,0
2920,2,0
2921,2,0
2922,2,0
2923,1,0
2924,2,0
2925,2,0
2926,3,0
2927,3,0
2928,2,0
2929,2,0
2930,1,0
2931,0,0
2932,0,0
2933,0,0
2934,0,0
2935,0,0
2936,0,0
2937,0,0
2938,0,0
2939,0,0
2940,0,0
2941,0,0
2942,0,0
2943,0,0
2944,0,0
2945,0,0
2946,1,0
2947,1,0
2948,1,0
2949,1,0
2950,2,0
2951,2,0
2952,1,0
2953,2,0
2954,2,0
2955,0,0
2956,0,0
2957,0,0
2958,1,0
2959,1,0
2960,1,1
2961,1,0
2962,0,0
2963,0,0
2964,0,0
2965,0,0
2966,0,0
2967,0,0
2968,0,0
2969,0,0
2970,1,0
2971,1,0
2972,2,0
2973,1,0
2974,2,0
2975,0,0
2976,1,0
2977,0,0
2978,0,0
2979,0,0
2980,0,0
2981,0,0
2982,0,0
2983,0,0
2984,0,0
2985,0,0
2986,1,0
2987,1,0
2988,1,0
2989,1,0
2990,0,0
2991,0,0
2992,0,0
2993,0,0
2994,1,0
2995,1,0
2996,1,0
2997,0,0
2998,0,0
2999,0,0
3000,0,0
3001,1,0
3002,1,0
3003,1,1
3004,1,0
3005,0,0
3006,0,0
3007,0,0
3008,0,0
3009,0,0
3010,1,0
3011,0,0
3012,2,0
3013,2,0
3014,1,0
3015,1,0
3016,1,0
3017,1,0
3018,1,0
3019,1,1
3020,0,0
3021,0,0
3022,0,0
3023,0,0
3024,0,0
3025,0,0
3026,0,0
3027,0,0
3028,0,0
3029,0,0
3030,1,0
3031,1,0
3032,1,0
3033,1,0
3034,0,0
3035,0,0
3036,0,0
3037,0,0
3038,0,0
3039,0,0
3040,0,0
3041,0,0
3042,0,0
3043,0,0
3044,0,0
3045,0,0
3046,0,0
3047,0,0
3048,0,0
3049,0,0
3050,0,0
3051,0,0
3052,0,0
3053,0,0
3054,0,0
3055,0,0
3056,0,0
3057,2,0
3058,2,0
3059,2,0
3060,1,0
3061,1,0
3062,1,1
3063,0,0
3064,0,0
3065,0,0
3066,0,0
3067,1,0
3068,1,0
3069,1,0
3070,1,0
3071,0,0
3072,0,0
3073,0,0
3074,0,0
3075,0,0
3076,0,0
3077,0,0
3078,0,0
3079,0,0
3080,0,0
3081,0,0
3082,1,0
3083,1,0
3084,0,0
3085,1,0
3086,0,0
3087,0,0
3088,1,0
3089,1,0
3090,1,0
3091,1,0
3092,1,0
3093,1,0
3094,2,0
3095,1,0
3096,1,0
3097,1,0
3098,0,0
3099,0,0
3100,0,0
3101,0,0
3102,0,0
3103,0,0
3104,0,0
3105,1,0
3106,1,0
3107,1,0
3108,1,0
3109,1,0
3110,1,0
3111,1,0
3112,1,0
3113,0,0
3114,0,0
3115,0,0
3116,0,0
3117,0,0
3118,0,0
3119,0,0
3120,1,0
3121,2,0
3122,1,0
3123,1,0
3124,1,0
3125,1,0
3126,0,0
3127,0,0
3128,0,0
3129,0,0
3130,0,0
3131,0,0
3132,0,0
3133,1,0
3134,1,0
3135,2,0
3136,2,0
3137,2,0
3138,2,0
3139,2,0
3140,1,0
3141,1,0
3142,0,0
3143,0,0
3144,0,0
3145,0,0
3146,0,1
3147,0,1
3148,0,2
3149,0,1
3150,0,1
3151,0,0
3152,0,0
3153,1,0
3154,1,0
3155,1,0
3156,1,0
3157,1,0
3158,0,0
3159,0,0
3160,0,0
3161,0,0
3162,0,0
3163,0,0
3164,0,0
3165,0,0
3166,0,0
3167,0,0
3168,0,0
3169,0,0
3170,0,0
3171,0,0
3172,0,0
3173,0,0
3174,0,0
3175,0,0
3176,0,0
3177,0,0
3178,0,0
3179,0,0
3180,0,0
3181,0,0
3182,0,0
3183,0,0
3184,0,0
3185,0,0
3186,0,0
3187,0,0
3188,0,0
3189,0,0
3190,0,0
3191,0,0
3192,0,0
3193,1,0
3194,1,0
3195,1,1
3196,0,0
3197,0,0
3198,0,0
3199,0,0
3200,0,0
3201,0,0
3202,0,0
3203,1,0
3204,1,0
3205,1,0
3206,0,0
3207,0,0
3208,0,0
3209,0,0
3210,0,0
3211,1,0
3212,0,1
3213,1,1
3214,2,1
3215,2,1
3216,2,1
3217,2,0
3218,2,0
3219,1,0
3220,1,0
3221,2,0
3222,2,0
3223,2,0
3224,3,0
3225,2,0
3226,3,0
3227,2,1
3228,2,0
3229,2,1
3230,3,1
3231,3,0
3232,2,0
3233,2,2
3234,2,0
3235,0,0
3236,0,0
3237,0,0
3238,0,0
3239,1,0
3240,1,0
3241,1,0
3242,1,1
3243,1,0
3244,0,0
3245,0,0
3246,0,0
3247,0,0
3248,0,0
3249,1,0
3250,1,0
3251,2,0
3252,1,0
3253,2,0
3254,1,1
3255,1,0
3256,1,0
3257,1,1
3258,1,0
3259,1,0
3260,1,1
3261,1,0
3262,2,1
3263,2,0
3264,1,0
3265,0,0
3266,0,0
3267,1,0
3268,1,0
3269,2,1
3270,0,3
3271,2,1
3272,1,0
3273,1,0
3274,0,1
3275,1,0
3276,0,0
3277,0,0
3278,0,0
3279,0,0
3280,0,0
3281,0,0
3282,0,0
3283,0,0
3284,0,0
3285,0,0
3286,1,0
3287,2,0
3288,2,0
3289,2,0
3290,1,0
3291,0,0
3292,0,0
3293,0,0
3294,0,0
3295,0,0
3296,0,0
3297,0,0
3298,0,0
3299,0,0
3300,0,0
3301,0,0
3302,0,0
3303,0,0
3304,0,0
3305,0,0
3306,0,0
3307,1,0
3308,2,0
3309,2,0
3310,2,0
3311,0,0
3312,0,0
3313,0,0
3314,1,0
3315,1,0
3316,1,0
3317,1,0
3318,1,0
3319,1,0
3320,1,0
3321,0,0
3322,0,0
3323,0,0
3324,0,0
3325,0,0
3326,1,0
3327,1,0
3328,1,0
3329,1,1
3330,1,0
3331,0,0
3332,0,0
3333,0,0
3334,0,0
3335,1,0
3336,1,0
3337,1,0
3338,2,0
3339,1,0
3340,1,1
3341,1,0
3342,0,0
3343,0,0
3344,0,0
3345,0,0
3346,0,0
3347,1,0
3348,1,0
3349,1,0
3350,0,0
3351,0,0
3352,0,0
3353,0,1
3354,0,1
3355,0,1
3356,0,0
3357,2,0
3358,2,0
3359,2,1
3360,4,0
3361,3,0
3362,2,1
3363,2,0
3364,2,0
3365,3,1
3366,3,0
3367,1,1
3368,2,0
3369,1,0
3370,2,0
3371,2,0
3372,3,0
3373,2,0
3374,3,0
3375,2,0
3376,2,0
3377,1,1
3378,1,0
3379,1,0
3380,0,0
3381,0,0
3382,0,0
3383,0,0
3384,0,0
3385,0,0
3386,1,0
3387,1,0
3388,1,0
3389,1,0
3390,0,0
3391,0,0
3392,0,0
3393,0,0
3394,0,1
3395,0,1
3396,0,1
3397,0,0
3398,0,0
3399,1,0
3400,1,0
3401,0,0
3402,0,0
3403,0,0
3404,0,0
3405,0,1
3406,1,1
3407,1,0
3408,2,0
3409,3,0
3410,3,0
3411,2,0
3412,3,0
3413,3,1
3414,2,1
3415,1,0
3416,0,0
3417,0,0
3418,1,0
3419,0,0
3420,0,0
3421,0,0
3422,0,1
3423,0,1
3424,0,1
3425,0,1
3426,0,2
3427,0,2
3428,0,1
3429,0,1
3430,0,0
3431,1,0
3432,2,0
3433,2,0
3434,2,1
3435,2,0
3436,1,0
3437,0,0
3438,0,0
3439,0,0
3440,0,0
3441,1,0
3442,1,0
3443,1,0
3444,1,0
3445,2,0
3446,2,0
3447,2,0
3448,3,0
3449,4,0
3450,3,0
3451,1,0
3452,1,0
3453,1,0
3454,0,0
3455,0,0
3456,0,0
3457,0,0
3458,0,0
3459,1,0
3460,1,0
3461,1,0
3462,1,0
3463,1,0
3464,1,0
3465,1,0
3466,1,0
3467,1,1
3468,1,0
3469,0,1
3470,0,0
3471,0,0
3472,0,0
3473,0,0
3474,0,0
3475,0,0
3476,0,0
3477,0,0
3478,0,0
3479,0,0
3480,0,0
3481,0,0
3482,1,0
3483,1,0
3484,1,0
3485,1,0
3486,0,0
3487,0,0
3488,0,0
3489,0,0
3490,0,0
3491,1,0
3492,1,0
3493,0,0
3494,0,0
3495,0,0
3496,0,0
3497,0,0
3498,0,0
3499,0,0
3500,1,0
3501,2,0
3502,2,0
3503,3,0
3504,1,0
3505,0,0
3506,0,0
3507,1,0
3508,1,0
3509,1,0
3510,1,1
3511,0,1
3512,1,0
3513,0,0
3514,0,0
3515,0,0
3516,0,0
3517,0,0
3518,0,0
3519,0,0
3520,0,0
3521,0,0
3522,0,0
3523,0,0
3524,0,0
3525,0,0
3526,0,0
3527,0,0
3528,0,0
3529,0,0
3530,0,0
3531,0,0
3532,0,0
3533,0,0
3534,0,0
3535,1,0
3536,1,0
3537,2,0
3538,2,0
3539,1,0
3540,0,0
3541,0,0
3542,0,0
3543,0,0
3544,1,0
3545,1,0
3546,2,0
3547,2,0
3548,2,0
3549,1,1
3550,1,0
3551,0,0
3552,0,0
3553,1,0
3554,1,1
3555,1,0
3556,2,0
3557,2,1
3558,0,1
3559,1,0
3560,0,0
3561,0,0
3562,0,2
3563,0,1
3564,0,0
3565,1,0
3566,1,0
3567,1,0
3568,1,0
3569,0,0
3570,0,0
3571,0,0
3572,0,0
3573,0,0
3574,0,0
3575,0,0
3576,1,0
3577,1,0
3578,1,0
3579,1,0
3580,0,0
3581,0,0
3582,0,0
3583,0,0
3584,0,0
3585,0,0
3586,0,0
3587,0,0
3588,0,0
3589,0,0
3590,0,0
3591,0,0
3592,0,0
3593,0,0
3594,1,0
3595,1,0
3596,1,0
3597,0,0
3598,0,0
3599,0,0
3600,1,0
3601,1,0
3602,1,0
3603,1,0
3604,0,0
3605,0,0
3606,0,0
3607,1,0
3608,1,0
3609,1,0
3610,2,0
3611,1,1
3612,0,0
3613,0,1
3614,0,1
3615,0,1
3616,0,1
3617,0,0
3618,1,0
3619,1,0
3620,1,0
3621,1,0
3622,0,0
3623,0,0
3624,0,0
3625,1,0
3626,1,0
3627,1,0
3628,1,0
3629,0,0
3630,0,0
3631,0,0
3632,0,0
3633,0,0
3634,0,0
3635,0,0
3636,0,0
3637,0,0
3638,0,1
3639,0,1
3640,0,1
3641,1,0
3642,1,0
3643,1,0
3644,1,0
3645,1,1
3646,0,0
3647,0,0
3648,1,0
3649,1,0
3650,1,0
3651,2,0
3652,1,0
3653,3,0
3654,2,0
3655,1,0
3656,2,0
3657,1,0
3658,1,0
3659,1,0
3660,1,0
3661,0,0
3662,0,0
3663,0,0
3664,0,0
3665,0,0
3666,0,0
3667,0,1
3668,0,1
3669,0,0
3670,0,0
3671,0,0
3672,0,0
3673,0,0
3674,0,0
3675,2,0
3676,2,0
3677,2,0
3678,2,0
3679,2,0
3680,0,1
3681,1,1
3682,2,1
3683,2,0
3684,2,0
3685,2,0
3686,2,0
3687,3,0
3688,2,0
3689,1,0
3690,2,1
3691,2,0
3692,2,0
3693,2,0
3694,2,1
3695,1,2
3696,2,1
3697,2,0
3698,2,0
3699,3,0
3700,2,0
3701,3,1
3702,1,0
3703,1,0
3704,1,0
3705,0,1
3706,0,2
3707,0,1
3708,1,0
3709,1,0
3710,1,0
3711,2,1
3712,1,0
3713,2,0
3714,0,1
3715,0,0
3716,2,0
3717,2,0
3718,1,0
3719,1,0
3720,1,1
3721,3,0
3722,3,0
3723,3,0
3724,4,0
3725,4,0
3726,3,1
3727,3,0
3728,2,1
3729,2,0
3730,2,0
3731,1,0
3732,3,0
3733,2,0
3734,2,0
3735,3,0
3736,3,0
3737,3,0
3738,3,0
3739,3,1
3740,2,0
3741,2,0
3742,2,0
3743,2,0
3744,0,0
3745,0,0
3746,0,0
3747,1,0
3748,1,0
3749,1,0
3750,2,0
3751,3,1
3752,2,0
3753,2,0
3754,2,0
3755,1,2
3756,0,1
3757,0,1
3758,0,1
3759,1,0
3760,2,0
3761,2,0
3762,2,1
3763,1,0
3764,2,1
3765,2,0
3766,2,1
3767,1,1
3768,0,0
3769,0,0
3770,0,0
3771,0,0
3772,0,0
3773,2,0
3774,1,0
3775,2,0
3776,2,0
3777,1,1
3778,0,1
3779,0,1
3780,0,1
3781,0,0
3782,1,0
3783,2,0
3784,3,1
3785,3,0
3786,3,0
3787,3,0
3788,2,0
3789,2,0
3790,1,0
3791,3,0
3792,2,0
3793,2,0
3794,2,1
3795,3,2
3796,1,0
3797,1,0
3798,1,0
3799,2,0
3800,2,0
3801,2,0
3802,1,0
3803,1,0
3804,0,0
3805,1,0
3806,1,0
3807,2,1
3808,2,1
3809,1,0
3810,1,0
3811,0,0
3812,0,0
3813,0,0
3814,1,0
3815,1,0
3816,1,0
3817,1,0
3818,1,0
3819,0,0
3820,0,0
3821,0,0
3822,0,0
3823,0,0
3824,0,0
3825,0,0
3826,0,0
3827,0,0
3828,0,0
3829,0,0
3830,0,0
3831,0,0
3832,1,0
3833,1,0
3834,1,0
3835,1,0
3836,1,0
3837,0,0
3838,0,0
3839,1,0
3840,1,0
3841,1,1
3842,1,0
3843,1,0
3844,1,0
3845,0,0
3846,0,0
3847,0,0
3848,0,0
3849,0,0
3850,1,0
3851,1,0
3852,1,0
3853,1,0
3854,2,0
3855,2,0
3856,2,0
3857,3,0
3858,3,0
3859,2,0
3860,1,1
3861,1,0
3862,0,0
3863,1,0
3864,1,0
3865,1,0
3866,1,0
3867,1,0
3868,0,0
3869,0,0
3870,0,0
3871,0,0
3872,0,0
3873,0,0
3874,0,0
3875,0,0
3876,0,0
3877,0,0
3878,0,0
3879,1,0
3880,1,0
3881,0,0
3882,1,0
3883,1,0
3884,1,0
3885,1,0
3886,1,0
3887,0,0
3888,0,0
3889,0,0
3890,1,0
3891,1,0
3892,1,0
3893,1,0
3894,0,0
3895,0,0
3896,0,0
3897,0,0
3898,1,0
3899,1,0
3900,1,0
3901,1,1
3902,0,0
3903,0,0
3904,0,0
3905,0,0
3906,0,0
3907,0,0
3908,0,0
3909,1,0
3910,1,0
3911,1,0
3912,0,0
3913,0,0
3914,0,0
3915,0,0
3916,0,0
3917,0,0
3918,0,0
3919,0,0
3920,0,0
3921,0,0
3922,0,0
3923,0,0
3924,0,0
3925,0,0
3926,0,0
3927,0,0
3928,0,0
3929,0,0
3930,0,1
3931,1,1
3932,1,1
3933,1,0
3934,0,0
3935,0,0
3936,1,0
3937,1,0
3938,1,0
3939,2,0
3940,3,0
3941,4,0
3942,3,0
3943,3,0
3944,1,0
3945,1,0
3946,1,0
3947,0,0
3948,0,0
3949,1,0
3950,1,0
3951,1,0
3952,1,0
3953,1,1
3954,0,0
3955,0,0
3956,1,0
3957,1,0
3958,1,0
3959,0,0
3960,0,0
3961,1,0
3962,0,0
3963,0,0
3964,0,0
3965,0,0
3966,0,0
3967,0,0
3968,0,0
3969,0,0
3970,0,0
3971,0,0
3972,0,0
3973,0,0
3974,0,0
3975,0,0
3976,0,0
3977,0,0
3978,0,0
3979,1,0
3980,1,0
3981,1,0
3982,0,0
3983,1,0
3984,0,0
3985,0,0
3986,0,0
3987,0,1
3988,0,1
3989,0,1
3990,0,0
3991,0,0
3992,0,0
3993,0,0
3994,0,0
3995,2,0
3996,2,0
3997,2,0
3998,2,0
3999,2,1
4000,1,1
4001,0,0
4002,1,0
4003,1,0
4004,2,0
4005,2,0
4006,2,0
4007,3,0
4008,0,1
4009,1,0
4010,1,0
4011,1,0
4012,2,0
4013,2,0
4014,1,1
4015,0,1
4016,0,0
4017,2,0
4018,1,0
4019,1,0
4020,1,0
4021,0,0
4022,1,0
4023,2,0
4024,2,0
4025,2,0
4026,3,0
4027,1,1
4028,1,0
4029,1,1
4030,1,1
4031,0,0
4032,0,0
4033,0,0
4034,0,0
4035,1,0
4036,1,0
4037,1,0
4038,1,0
4039,0,0
4040,1,0
4041,1,0
4042,1,0
4043,1,0
4044,0,0
4045,0,0
4046,0,0
4047,0,0
4048,0,0
4049,1,0
4050,2,0
4051,2,0
4052,2,0
4053,1,0
4054,0,0
4055,1,0
4056,1,0
4057,1,0
4058,1,0
4059,1,0
4060,0,0
4061,0,0
4062,0,0
4063,0,0
4064,1,0
4065,1,0
4066,1,0
4067,0,1
4068,1,0
4069,0,0
4070,0,0
4071,0,0
4072,0,0
4073,1,0
4074,1,0
4075,1,0
4076,0,0
4077,0,0
4078,0,0
4079,0,0
4080,0,0
4081,0,0
4082,0,0
4083,0,0
4084,0,0
4085,0,0
4086,0,0
4087,0,0
4088,0,0
4089,0,0
4090,0,0
4091,0,0
4092,0,0
4093,0,0
4094,0,0
4095,0,0
4096,0,0
4097,0,0
4098,1,0
4099,1,0
4100,1,0
4101,1,0
4102,1,0
4103,0,1
4104,0,0
4105,1,0
4106,1,0
4107,1,0
4108,2,0
4109,2,0
4110,2,0
4111,3,0
4112,2,0
4113,1,1
4114,0,2
4115,0,1
4116,0,1
4117,0,0
4118,0,0
4119,0,0
4120,0,0
4121,0,0
4122,0,0
4123,0,0
4124,0,0
4125,0,0
4126,0,0
4127,1,0
4128,2,0
4129,2,0
4130,1,0
4131,2,0
4132,3,1
4133,3,1
4134,2,0
4135,3,0
4136,3,0
4137,2,0
4138,2,2
4139,2,1
4140,0,1
4141,1,1
4142,1,1
4143,4,0
4144,3,0
4145,3,0
4146,2,0
4147,2,0
4148,2,0
4149,1,0
4150,1,0
4151,1,0
4152,1,2
4153,1,0
4154,1,0
4155,0,0
4156,0,0
4157,0,0
4158,0,0
4159,0,0
4160,0,0
4161,0,0
4162,0,0
4163,1,0
4164,1,0
4165,1,0
4166,1,0
4167,0,0
4168,0,0
4169,0,0
4170,0,0
4171,0,0
4172,0,0
4173,0,2
4174,0,2
4175,0,2
4176,0,2
4177,1,1
4178,1,0
4179,1,0
4180,1,0
4181,0,0
4182,0,0
4183,0,0
4184,0,0
4185,0,0
4186,0,0
4187,0,0
4188,0,0
4189,0,0
4190,0,0
4191,0,0
4192,0,0
4193,0,0
4194,0,0
4195,0,0
4196,1,0
4197,1,0
4198,1,0
4199,1,0
4200,1,0
4201,0,0
4202,0,0
4203,0,0
4204,1,0
4205,1,0
4206,1,1
4207,0,0
4208,1,0
4209,1,0
4210,1,0
4211,0,1
4212,1,1
4213,0,1
4214,1,1
4215,1,1
4216,1,0
4217,1,0
4218,1,1
4219,1,0
4220,0,0
4221,0,0
4222,0,0
4223,0,0
4224,0,1
4225,0,1
4226,0,1
4227,0,0
4228,1,0
4229,1,0
4230,1,0
4231,1,0
4232,1,0
4233,0,0
4234,0,0
4235,1,0
4236,1,0
4237,2,0
4238,1,0
4239,3,0
4240,2,0
4241,2,0
4242,2,0
4243,1,1
4244,1,1
4245,1,0
4246,1,0
4247,1,0
4248,1,0
4249,2,0
4250,2,1
4251,1,0
4252,1,0
4253,2,0
4254,3,0
4255,3,0
4256,2,0
4257,3,0
4258,2,0
4259,2,0
4260,1,0
4261,2,0
4262,2,0
4263,1,0
4264,1,0
4265,1,1
4266,1,0
4267,1,1
4268,1,1
4269,1,0
4270,0,1
4271,1,0
4272,1,0
4273,1,0
4274,0,0
4275,1,0
4276,1,0
4277,0,0
4278,1,0
4279,1,0
4280,1,0
4281,1,0
4282,2,0
4283,2,0
4284,1,0
4285,1,0
4286,0,0
4287,0,0
4288,1,0
4289,1,0
4290,1,0
4291,1,0
4292,0,0
4293,0,0
4294,1,0
4295,1,0
4296,2,0
4297,3,0
4298,3,0
4299,2,0
4300,3,0
4301,2,1
4302,1,1
4303,1,0
4304,1,0
4305,1,0
4306,1,0
4307,1,1
4308,1,1
4309,0,1
4310,0,0
4311,0,0
4312,1,0
4313,1,0
4314,1,1
4315,2,0
4316,2,0
4317,1,0
4318,1,0
4319,0,0
4320,0,0
4321,0,0
4322,0,0
4323,0,0
4324,1,0
4325,1,0
4326,0,0
4327,0,0
4328,0,0
4329,0,0
4330,1,0
4331,1,0
4332,1,0
4333,0,0
4334,0,0
4335,1,0
4336,1,0
4337,1,0
4338,0,0
4339,0,0
4340,1,0
4341,1,0
4342,1,0
4343,0,0
4344,0,0
4345,0,0
4346,1,0
4347,0,1
4348,1,0
4349,1,0
4350,0,0
4351,0,0
4352,0,0
4353,0,0
4354,0,0
4355,0,0
4356,0,0
4357,0,0
4358,0,0
4359,0,0
4360,0,0
4361,0,0
4362,0,0
4363,0,0
4364,0,0
4365,0,0
4366,0,0
4367,0,0
4368,0,0
4369,0,0
4370,0,0
4371,0,0
4372,0,0
4373,0,0
4374,0,0
4375,0,0
4376,0,0
4377,0,0
4378,0,0
4379,0,0
4380,0,0
4381,0,0
4382,0,0
4383,0,0
4384,0,0
4385,0,0
4386,0,0
4387,0,0
4388,0,0
4389,0,0
4390,0,0
4391,0,0
4392,0,0
4393,0,0
4394,0,0
4395,0,0
4396,0,0
4397,0,0
4398,0,0
4399,0,0
4400,0,0
4401,0,0
4402,0,0
4403,0,0
4404,0,0
4405,0,0
4406,0,0
4407,0,1
4408,0,1
4409,0,1
4410,0,0
4411,0,0
4412,1,0
4413,1,0
4414,1,0
4415,1,0
4416,1,0
4417,0,0
4418,0,0
4419,0,0
4420,0,0
4421,0,0
4422,0,1
4423,0,1
4424,0,0
4425,0,0
4426,0,0
4427,0,0
4428,0,0
4429,0,0
4430,0,0
4431,1,0
4432,1,0
4433,1,0
4434,1,1
4435,1,0
4436,2,0
4437,2,0
4438,2,0
4439,1,0
4440,1,0
4441,1,0
4442,0,0
4443,0,0
4444,1,0
4445,1,1
4446,1,0
4447,1,1
4448,0,1
4449,0,1
4450,1,0
4451,1,0
4452,0,1
4453,0,1
4454,0,1
4455,0,1
4456,0,0
4457,2,0
4458,2,0
4459,2,0
4460,2,0
4461,3,0
4462,1,0
4463,1,0
4464,1,0
4465,0,0
4466,0,0
4467,0,0
4468,0,0
4469,0,0
4470,0,0
4471,0,0
4472,0,0
4473,1,0
4474,1,0
4475,1,0
4476,0,0
4477,1,0
4478,2,0
4479,2,0
4480,2,0
4481,1,0
4482,1,1
4483,1,2
4484,0,1
4485,2,2
4486,1,1
4487,2,1
4488,2,2
4489,2,0
4490,1,0
4491,1,0
4492,2,0
4493,1,0
4494,2,1
4495,2,0
4496,2,0
4497,3,0
4498,3,0
4499,2,0
4500,2,0
4501,2,0
4502,3,0
4503,1,0
4504,1,0
4505,2,0
4506,2,1
4507,2,0
4508,2,0
4509,3,0
4510,2,0
4511,1,1
4512,3,0
4513,3,0
4514,2,0
4515,2,0
4516,3,1
4517,1,1
4518,2,1
4519,2,1
4520,1,2
4521,1,0
4522,2,0
4523,2,0
4524,2,1
4525,2,0
4526,1,0
4527,1,0
4528,0,0
4529,1,0
4530,1,0
4531,1,0
4532,1,0
4533,1,0
4534,1,0
4535,0,0
4536,1,0
4537,1,0
4538,2,1
4539,1,1
4540,3,0
4541,2,1
4542,0,0
4543,2,0
4544,1,0
4545,1,1
4546,1,0
4547,1,0
4548,0,0
4549,0,0
4550,0,0
4551,1,0
4552,1,0
4553,2,0
4554,2,0
4555,1,0
4556,1,0
4557,1,0
4558,1,0
4559,0,0
4560,1,0
4561,1,0
4562,1,0
4563,2,0
4564,1,0
4565,0,1
4566,2,1
4567,1,0
4568,0,0
4569,0,1
4570,1,0
4571,1,0
4572,1,0
4573,1,0
4574,0,0
4575,0,0
4576,0,0
4577,0,0
4578,1,0
4579,2,0
4580,2,0
4581,2,0
4582,2,0
4583,2,0
4584,0,0
4585,0,0
4586,0,0
4587,0,0
4588,0,0
4589,0,0
4590,0,0
4591,0,0
4592,0,0
4593,0,0
4594,2,0
4595,2,0
4596,2,0
4597,3,0
4598,2,0
4599,1,0
4600,1,0
4601,0,0
4602,1,0
4603,1,0
4604,2,0
4605,2,0
4606,2,0
4607,2,0
4608,1,0
4609,0,0
4610,2,0
4611,2,0
4612,2,1
4613,0,1
4614,0,0
4615,0,0
4616,0,0
4617,0,0
4618,1,0
4619,1,0
4620,1,0
4621,1,0
4622,1,0
4623,0,0
4624,0,0
4625,0,0
4626,0,1
4627,0,1
4628,0,1
4629,0,0
4630,0,0
4631,0,0
4632,0,0
4633,0,0
4634,0,0
4635,0,0
4636,0,0
4637,0,0
4638,1,0
4639,1,0
4640,1,0
4641,1,0
4642,1,0
4643,0,0
4644,0,0
4645,0,0
4646,0,0
4647,0,0
4648,0,0
4649,1,0
4650,1,0
4651,1,0
4652,0,0
4653,0,0
4654,0,0
4655,0,0
4656,0,0
4657,0,0
4658,0,0
4659,1,0
4660,1,1
4661,1,0
4662,2,0
4663,2,0
4664,1,0
4665,1,1
4666,1,0
4667,0,0
4668,0,0
4669,1,0
4670,1,0
4671,1,0
4672,0,1
4673,1,0
4674,0,0
4675,0,0
4676,1,0
4677,2,0
4678,3,0
4679,4,0
4680,2,0
4681,2,0
4682,1,0
4683,0,0
4684,0,0
4685,0,0
4686,1,0
4687,1,0
4688,2,1
4689,2,1
4690,2,1
4691,1,1
4692,2,0
4693,1,0
4694,1,0
4695,0,0
4696,0,0
4697,1,0
4698,1,0
4699,1,0
4700,2,0
4701,2,0
4702,2,0
4703,2,1
4704,2,1
4705,0,0
4706,1,0
4707,1,0
4708,0,0
4709,0,0
4710,0,0
4711,0,0
4712,0,0
4713,0,0
4714,0,0
4715,0,0
4716,0,0
4717,0,0
4718,0,0
4719,0,0
4720,0,0
4721,0,0
4722,0,0
4723,0,0
4724,0,0
4725,0,0
4726,1,0
4727,2,0
4728,2,0
4729,2,0
4730,3,0
4731,3,0
4732,2,0
4733,2,1
4734,3,0
4735,0,1
4736,1,0
4737,0,1
4738,0,0
4739,0,0
4740,0,0
4741,0,0
4742,0,0
4743,0,0
4744,0,0
4745,0,0
4746,0,0
4747,0,0
4748,0,0
4749,0,0
4750,0,0
4751,0,0
4752,0,0
4753,0,0
4754,0,0
4755,0,0
4756,0,0
4757,0,0
4758,0,0
4759,0,0
4760,1,0
4761,1,0
4762,0,0
4763,0,0
4764,0,0
4765,0,1
4766,0,1
4767,0,1
4768,0,1
4769,0,0
4770,0,0
4771,0,0
4772,0,0
4773,0,0
4774,0,0
4775,0,0
4776,0,0
4777,0,0
4778,0,0
4779,0,0
4780,0,0
4781,1,0
4782,1,0
4783,1,0
4784,2,0
4785,2,0
4786,1,0
4787,1,0
4788,1,1
4789,0,0
4790,0,0
4791,0,0
4792,0,0
4793,0,0
4794,0,0
4795,0,0
4796,0,0
4797,1,0
4798,1,0
4799,2,0
4800,2,0
4801,2,0
4802,2,0
4803,0,0
4804,1,0
4805,1,0
4806,1,0
4807,1,0
4808,2,0
4809,1,0
4810,1,0
4811,1,0
4812,1,0
4813,0,0
4814,1,0
4815,1,0
4816,1,0
4817,0,0
4818,1,0
4819,0,0
4820,0,0
4821,0,0
4822,0,0
4823,0,1
4824,0,1
4825,1,0
4826,1,0
4827,1,1
4828,1,0
4829,1,1
4830,0,0
4831,0,0
4832,0,0
4833,0,0
4834,0,0
4835,0,0
4836,0,0
4837,0,0
4838,1,0
4839,2,0
4840,3,0
4841,3,0
4842,3,0
4843,3,0
4844,3,0
4845,1,0
4846,1,0
4847,3,0
4848,3,0
4849,2,0
4850,3,0
4851,3,0
4852,3,0
4853,3,0
4854,2,2
4855,0,1
4856,1,0
4857,1,1
4858,1,0
4859,1,0
4860,1,0
4861,0,0
4862,0,0
4863,0,0
4864,1,0
4865,1,0
4866,2,0
4867,2,0
4868,2,0
4869,2,1
4870,2,0
4871,2,0
4872,1,0
4873,1,0
4874,1,0
4875,2,0
4876,1,0
4877,2,0
4878,2,0
4879,2,0
4880,0,0
4881,1,1
4882,0,1
4883,1,1
4884,1,1
4885,1,1
4886,2,0
4887,2,0
4888,1,0
4889,2,0
4890,2,0
4891,2,2
4892,1,0
4893,1,0
4894,1,0
4895,0,0
4896,0,0
4897,0,0
4898,1,0
4899,1,0
4900,2,0
4901,2,0
4902,3,0
4903,2,0
4904,3,0
4905,3,0
4906,2,0
4907,3,1
4908,3,1
4909,3,0
4910,3,0
4911,3,0
4912,2,0
4913,1,0
4914,2,0
4915,1,0
4916,1,0
4917,0,0
4918,0,0
4919,0,0
4920,0,0
4921,0,0
4922,0,0
4923,0,0
4924,0,0
4925,2,0
4926,2,0
4927,2,0
4928,2,0
4929,2,0
4930,2,0
4931,2,0
4932,2,1
4933,3,0
4934,2,0
4935,1,2
4936,2,1
4937,1,1
4938,1,1
4939,1,1
4940,1,0
4941,1,1
4942,0,0
4943,0,0
4944,0,0
4945,0,0
4946,1,0
4947,1,0
4948,1,0
4949,1,0
4950,2,0
4951,1,0
4952,1,0
4953,1,0
4954,1,0
4955,0,0
4956,0,0
4957,0,0
4958,0,0
4959,0,0
4960,0,0
4961,1,0
4962,1,0
4963,1,0
4964,1,1
4965,2,1
4966,1,0
4967,2,0
4968,2,0
4969,2,0
4970,3,0
4971,3,0
4972,2,0
4973,2,0
4974,2,0
4975,1,0
4976,1,0
4977,2,0
4978,2,1
4979,1,1
4980,3,1
4981,2,0
4982,1,0
4983,1,1
4984,2,0
4985,1,0
4986,1,0
4987,1,0
4988,0,0
4989,0,0
4990,0,0
4991,0,0
4992,2,0
4993,2,0
4994,2,0
4995,3,0
4996,2,0
4997,2,0
4998,2,0
4999,1,0
5000,2,0
5001,2,0
5002,1,0
5003,1,0
5004,1,0
5005,0,0
5006,0,0
5007,0,0
5008,0,0
5009,0,0
5010,0,0
5011,0,0
5012,0,0
5013,1,0
5014,1,0
5015,1,0
5016,0,0
5017,1,0
5018,0,0
5019,0,0
5020,0,0
5021,0,0
5022,0,0
5023,0,0
5024,0,0
5025,0,0
5026,0,0
5027,0,0
5028,0,0
5029,0,0
5030,0,0
5031,0,0
5032,0,0
5033,0,0
5034,0,0
5035,0,0
5036,0,0
5037,0,0
5038,0,0
5039,0,0
5040,0,0
5041,0,0
5042,0,0
5043,0,0
5044,0,0
5045,0,0
5046,0,0
5047,0,0
5048,0,0
5049,0,0
5050,0,0
5051,0,0
5052,0,0
5053,0,0
5054,0,0
5055,1,0
5056,1,0
5057,1,0
5058,0,0
5059,0,0
5060,0,0
5061,2,0
5062,2,0
5063,2,0
5064,2,0
5065,2,0
5066,1,1
5067,1,1
5068,1,0
5069,1,0
5070,2,0
5071,2,0
5072,1,1
5073,1,0
5074,0,0
5075,0,0
5076,0,0
5077,0,0
5078,1,0
5079,2,0
5080,1,0
5081,1,1
5082,0,1
5083,0,0
5084,0,0
5085,0,0
5086,0,0
5087,0,0
5088,0,0
5089,0,0
5090,0,0
5091,0,0
5092,1,0
5093,1,0
5094,1,0
5095,0,0
5096,0,0
5097,0,0
5098,0,0
5099,0,0
5100,0,0
5101,0,0
5102,0,0
5103,0,1
5104,1,0
5105,1,0
5106,0,0
5107,0,0
5108,0,0
5109,0,0
5110,1,0
5111,1,0
5112,1,0
5113,1,0
5114,1,0
5115,0,0
5116,0,0
5117,0,1
5118,0,1
5119,0,1
5120,0,0
5121,0,0
5122,0,0
5123,0,0
5124,0,0
5125,1,0
5126,1,0
5127,1,0
5128,2,0
5129,2,0
5130,2,0
5131,2,0
5132,1,0
5133,1,0
5134,0,0
5135,0,0
5136,0,0
5137,0,0
5138,0,0
5139,0,0
5140,0,0
5141,0,0
5142,0,0
5143,0,0
5144,0,0
5145,0,0
5146,0,0
5147,0,0
5148,0,0
5149,0,0
5150,0,0
5151,0,0
5152,0,0
5153,0,0
5154,1,0
5155,1,0
5156,1,0
5157,0,0
5158,1,0
5159,0,0
5160,1,0
5161,1,0
5162,2,0
5163,2,0
5164,1,0
5165,1,0
5166,0,1
5167,0,0
5168,0,0
5169,0,0
5170,0,0
5171,0,0
5172,0,0
5173,0,0
5174,0,0
5175,1,0
5176,1,0
5177,1,0
5178,1,0
5179,1,0
5180,0,0
5181,0,0
5182,0,0
5183,1,0
5184,1,0
5185,1,0
5186,1,0
5187,1,0
5188,0,0
5189,0,0
5190,0,0
5191,1,0
5192,1,0
5193,2,0
5194,2,0
5195,2,0
5196,2,0
5197,1,0
5198,1,0
5199,1,0
5200,1,0
5201,1,0
5202,0,0
5203,0,0
5204,0,0
5205,0,0
5206,1,0
5207,1,0
5208,0,0
5209,0,0
5210,0,0
5211,1,0
5212,1,0
5213,2,0
5214,2,0
5215,1,1
5216,1,0
5217,0,0
5218,0,0
5219,0,0
5220,0,0
5221,1,0
5222,1,0
5223,1,0
5224,1,0
5225,3,0
5226,1,0
5227,0,1
5228,1,1
5229,0,1
5230,0,0
5231,1,0
5232,2,0
5233,1,1
5234,0,1
5235,0,1
5236,0,0
5237,0,0
5238,0,0
5239,0,0
5240,0,0
5241,0,0
5242,0,0
5243,1,0
5244,1,0
5245,2,0
5246,1,0
5247,2,0
5248,3,1
5249,1,0
5250,1,0
5251,3,0
5252,4,0
5253,2,0
5254,3,0
5255,5,0
5256,2,0
5257,2,0
5258,1,2
5259,0,0
5260,0,0
5261,0,0
5262,0,0
5263,0,0
5264,1,0
5265,1,0
5266,1,0
5267,1,0
5268,1,0
5269,0,0
5270,0,0
5271,0,0
5272,1,0
5273,1,0
5274,1,0
5275,0,0
5276,2,0
5277,2,0
5278,1,0
5279,1,0
5280,1,0
5281,0,1
5282,0,0
5283,0,0
5284,0,0
5285,0,0
5286,0,0
5287,0,0
5288,1,0
5289,1,0
5290,1,0
5291,0,0
5292,0,0
5293,1,0
5294,1,0
5295,1,0
5296,0,0
5297,1,0
5298,0,0
5299,0,0
5300,1,0
5301,1,1
5302,1,1
5303,0,1
5304,1,0
5305,1,0
5306,1,0
5307,1,0
5308,0,0
5309,0,0
5310,0,0
5311,0,0
5312,0,0
5313,0,0
5314,0,0
5315,0,0
5316,0,0
5317,1,0
5318,1,0
5319,1,0
5320,1,0
5321,0,0
5322,0,0
5323,0,0
5324,0,0
5325,0,0
5326,0,0
5327,0,0
5328,0,0
5329,0,0
5330,1,0
5331,1,0
5332,2,0
5333,2,0
5334,3,0
5335,1,0
5336,1,0
5337,1,0
5338,1,1
5339,0,0
5340,0,0
5341,0,0
5342,1,0
5343,1,0
5344,1,1
5345,0,1
5346,0,0
5347,0,0
5348,0,0
5349,0,0
5350,2,0
5351,1,0
5352,1,0
5353,2,0
5354,1,0
5355,0,0
5356,0,0
5357,0,0
5358,1,0
5359,2,1
5360,2,2
5361,1,2
5362,1,2
5363,3,1
5364,1,0
5365,1,0
5366,1,0
5367,1,0
5368,1,0
5369,1,0
5370,1,0
5371,1,0
5372,0,0
5373,0,0
5374,1,0
5375,1,0
5376,1,0
5377,1,0
5378,1,0
5379,0,0
5380,0,0
5381,0,0
5382,0,0
5383,0,0
5384,0,0
5385,0,0
5386,0,0
5387,0,0
5388,0,0
5389,0,0
5390,0,0
5391,0,0
5392,0,0
5393,0,0
5394,0,0
5395,0,0
5396,0,0
5397,0,0
5398,1,0
5399,2,0
5400,2,0
5401,2,0
5402,2,0
5403,3,0
5404,2,0
5405,0,1
5406,1,0
5407,0,0
5408,1,0
5409,0,0
5410,0,0
5411,0,0
5412,0,0
5413,0,0
5414,0,0
5415,1,0
5416,1,0
5417,1,0
5418,0,0
5419,0,0
5420,0,0
5421,0,0
5422,0,0
5423,0,0
5424,0,0
5425,0,0
5426,0,0
5427,0,0
5428,0,0
5429,0,0
5430,0,0
5431,0,0
5432,0,0
5433,0,0
5434,0,0
5435,0,0
5436,1,0
5437,0,0
5438,0,0
5439,0,0
5440,0,0
5441,0,0
5442,0,0
5443,0,0
5444,0,0
5445,0,0
5446,0,0
5447,0,0
5448,1,0
5449,2,0
5450,2,0
5451,3,0
5452,2,0
5453,2,0
5454,1,0
5455,1,1
5456,1,2
5457,0,1
5458,1,1
5459,0,0
5460,1,0
5461,1,0
5462,1,0
5463,0,0
5464,0,0
5465,0,0
5466,0,0
5467,0,0
5468,0,0
5469,0,0
5470,0,0
5471,0,0
5472,0,0
5473,0,0
5474,0,0
5475,0,0
5476,0,0
5477,0,0
5478,0,0
5479,0,0
5480,0,0
5481,0,0
5482,0,0
5483,0,0
5484,0,0
5485,0,0
5486,0,0
5487,0,0
5488,0,0
5489,1,0
5490,1,0
5491,1,0
5492,1,0
5493,1,0
5494,1,0
5495,1,0
5496,1,0
5497,0,0
5498,0,0
5499,0,0
5500,1,0
5501,1,0
5502,1,0
5503,1,0
5504,1,0
5505,0,0
5506,1,0
5507,2,0
5508,2,0
5509,2,0
5510,3,0
5511,3,0
5512,2,0
5513,1,1
5514,1,0
5515,2,0
5516,3,1
5517,1,0
5518,1,0
5519,1,0
5520,0,1
5521,0,0
5522,1,0
5523,1,0
5524,1,0
5525,1,0
5526,0,0
5527,0,0
5528,0,0
5529,0,0
5530,0,0
5531,1,0
5532,1,0
5533,1,0
5534,0,1
5535,0,1
5536,0,1
5537,0,1
5538,0,0
5539,0,0
5540,0,0
5541,0,0
5542,0,0
5543,1,0
5544,1,0
5545,1,0
5546,2,0
5547,1,0
5548,1,0
5549,0,0
5550,2,0
5551,1,0
5552,1,0
5553,0,0
5554,0,0
5555,0,0
5556,0,0
5557,0,0
5558,0,0
5559,0,0
5560,0,0
5561,0,0
5562,0,0
5563,0,0
5564,0,0
5565,0,0
5566,0,1
5567,0,1
5568,1,1
5569,1,0
5570,1,0
5571,1,0
5572,2,0
5573,2,0
5574,2,0
5575,1,1
5576,1,0
5577,2,1
5578,2,0
5579,2,0
5580,1,1
5581,2,0
5582,2,0
5583,2,0
5584,2,0
5585,2,0
5586,1,0
5587,2,0
5588,1,0
5589,1,0
5590,0,1
5591,0,0
5592,0,1
5593,0,1
5594,1,1
5595,1,0
5596,1,0
5597,1,1
5598,1,0
5599,1,0
5600,1,0
5601,1,0
5602,1,0
5603,0,0
5604,2,0
5605,1,0
5606,1,0
5607,3,1
5608,3,0
5609,3,0
5610,2,0
5611,3,0
5612,2,0
5613,1,0
5614,1,1
5615,0,1
5616,1,0
5617,2,0
5618,2,0
5619,1,1
5620,2,0
5621,2,1
5622,2,2
5623,1,1
5624,1,0
5625,0,0
5626,2,0
5627,1,0
5628,2,1
5629,1,1
5630,2,1
5631,1,0
5632,0,0
5633,1,0
5634,0,1
5635,0,1
5636,1,0
5637,2,0
5638,2,0
5639,2,2
5640,1,0
5641,1,0
5642,1,0
5643,0,1
5644,1,0
5645,1,1
5646,1,1
5647,0,0
5648,0,0
5649,1,0
5650,0,0
5651,0,0
5652,0,0
5653,0,0
5654,0,0
5655,0,0
5656,0,0
5657,0,0
5658,1,0
5659,1,0
5660,1,0
5661,1,0
5662,1,0
5663,0,0
5664,0,0
5665,1,0
5666,2,0
5667,2,0
5668,2,0
5669,2,0
5670,1,0
5671,0,0
5672,0,0
5673,0,0
5674,0,0
5675,0,0
5676,0,0
5677,0,0
5678,0,0
5679,0,0
5680,1,0
5681,1,0
5682,1,0
5683,1,0
5684,2,0
5685,2,0
5686,1,0
5687,2,0
5688,2,0
5689,2,0
5690,1,0
5691,1,0
5692,1,1
5693,1,1
5694,0,1
5695,1,0
5696,1,0
5697,1,1
5698,1,0
5699,0,0
5700,1,0
5701,1,0
5702,1,0
5703,1,0
5704,1,1
5705,0,0
5706,0,0
5707,0,0
5708,1,0
5709,1,0
5710,2,0
5711,2,0
5712,1,0
5713,1,0
5714,0,0
5715,0,0
5716,0,0
5717,0,0
5718,1,0
5719,1,0
5720,1,0
5721,0,0
5722,1,0
5723,0,0
5724,0,0
5725,1,0
5726,1,0
5727,1,0
5728,1,0
5729,0,0
5730,0,0
5731,0,0
5732,0,0
5733,0,0
5734,0,0
5735,0,0
5736,0,0
5737,0,0
5738,0,0
5739,0,0
5740,0,0
5741,0,0
5742,0,0
5743,0,0
5744,0,0
5745,1,0
5746,1,0
5747,1,0
5748,1,0
5749,1,0
5750,0,0
5751,0,0
5752,0,0
5753,0,0
5754,0,0
5755,0,0
5756,0,0
5757,0,0
5758,0,0
5759,0,0
5760,0,0
5761,1,0
5762,1,0
5763,1,0
5764,0,0
5765,0,0
5766,1,0
5767,2,0
5768,1,1
5769,0,1
5770,0,1
5771,0,0
5772,0,0
5773,0,0
5774,0,0
5775,0,0
5776,0,0
5777,0,0
5778,1,0
5779,1,0
5780,1,0
5781,1,0
5782,1,0
5783,0,0
5784,1,0
5785,1,0
5786,1,1
5787,1,1
5788,2,0
5789,2,0
5790,1,0
5791,2,0
5792,2,0
5793,2,0
5794,1,0
5795,0,1
5796,0,0
5797,0,0
5798,0,0
5799,0,0
5800,0,0
5801,0,0
5802,1,0
5803,1,0
5804,1,0
5805,1,0
5806,1,0
5807,1,0
5808,2,1
5809,2,0
5810,3,0
5811,2,0
5812,3,0
5813,3,0
5814,3,0
5815,3,0
5816,3,0
5817,3,0
5818,2,0
5819,1,0
5820,1,0
5821,2,0
5822,1,0
5823,1,1
5824,0,1
5825,0,1
5826,1,1
5827,1,0
5828,0,0
5829,0,0
5830,0,0
5831,0,0
5832,1,0
5833,1,0
5834,1,0
5835,0,0
5836,0,0
5837,0,0
5838,0,0
5839,0,0
5840,0,0
5841,0,0
5842,0,0
5843,0,0
5844,0,0
5845,0,1
5846,0,1
5847,1,1
5848,1,1
5849,2,0
5850,1,0
5851,1,1
5852,1,1
5853,1,0
5854,0,0
5855,0,1
5856,1,0
5857,1,0
5858,1,1
5859,0,1
5860,1,1
5861,1,2
5862,2,2
5863,2,2
5864,3,0
5865,4,0
5866,3,0
5867,3,0
5868,3,0
5869,3,0
5870,3,0
5871,2,0
5872,2,0
5873,2,1
5874,1,1
5875,3,0
5876,2,0
5877,2,0
5878,3,0
5879,3,0
5880,3,0
5881,2,0
5882,2,0
5883,1,0
5884,1,0
5885,0,0
5886,1,0
5887,1,0
5888,1,0
5889,1,1
5890,0,1
5891,0,0
5892,0,0
5893,0,0
5894,0,0
5895,0,0
5896,0,0
5897,1,0
5898,1,0
5899,1,0
5900,0,0
5901,0,1
5902,0,1
5903,0,1
5904,1,0
5905,1,0
5906,1,0
5907,2,0
5908,2,2
5909,3,1
5910,2,2
5911,2,0
5912,3,0
5913,3,2
5914,2,0
5915,2,1
5916,0,2
5917,4,2
5918,2,2
5919,2,1
5920,2,0
5921,2,0
5922,2,0
5923,2,0
5924,2,0
5925,3,0
5926,2,1
5927,0,1
5928,1,1
5929,3,2
5930,2,1
5931,3,0
5932,3,1
5933,3,0
5934,1,1
5935,1,1
5936,2,2
5937,2,1
5938,2,1
5939,2,1
5940,2,1
5941,2,2
5942,3,2
5943,0,1
5944,1,1
5945,1,1
5946,1,0
5947,1,1
5948,1,1
5949,2,0
5950,2,0
5951,2,0
5952,2,0
5953,3,0
5954,3,0
5955,2,0
5956,1,0
5957,1,0
5958,1,0
5959,2,0
5960,1,0
5961,1,0
5962,1,0
5963,2,0
5964,2,0
5965,1,0
5966,3,0
5967,3,0
5968,2,0
5969,3,0
5970,3,0
5971,2,0
5972,2,0
5973,2,1
5974,1,1
5975,2,0
5976,2,1
5977,1,1
5978,2,2
5979,2,0
5980,3,2
5981,2,0
5982,2,0
5983,5,0
5984,4,0
5985,2,0
5986,1,1
5987,3,1
5988,3,0
5989,1,0
5990,0,1
5991,0,1
5992,1,1
5993,1,0
5994,1,0
5995,1,0
5996,1,1
5997,1,1
5998,0,0
5999,0,0
6000,1,0
6001,1,0
6002,1,0
6003,1,0
6004,1,0
6005,2,0
6006,1,0
6007,1,0
6008,1,0
6009,1,1
6010,2,0
6011,1,0
6012,1,1
6013,1,0
6014,0,1
6015,1,0
6016,0,0
6017,0,0
6018,0,0
6019,0,0
6020,0,0
6021,0,0
6022,0,0
6023,0,0
6024,0,0
6025,0,0
6026,0,0
6027,0,0
6028,0,0
6029,0,0
6030,0,0
6031,0,0
6032,0,0
6033,0,0
6034,0,0
6035,0,0
6036,0,0
6037,1,0
6038,3,0
6039,4,0
6040,4,0
6041,4,1
6042,2,1
6043,0,0
6044,0,0
6045,1,0
6046,1,0
6047,1,0
6048,1,0
6049,0,0
6050,1,0
6051,1,0
6052,1,0
6053,2,0
6054,1,0
6055,1,0
6056,1,0
6057,1,0
6058,0,0
6059,0,0
6060,0,0
6061,0,0
6062,0,0
6063,0,0
6064,0,0
6065,1,0
6066,1,0
6067,1,0
6068,1,0
6069,1,1
6070,0,0
6071,0,0
6072,0,0
6073,1,0
6074,1,0
6075,1,0
6076,2,0
6077,2,0
6078,2,0
6079,2,0
6080,2,0
6081,1,0
6082,1,0
6083,2,0
6084,1,0
6085,2,0
6086,2,0
6087,2,0
6088,2,0
6089,0,0
6090,0,0
6091,0,0
6092,1,0
6093,1,0
6094,1,0
6095,0,0
6096,1,0
6097,0,0
6098,0,0
6099,0,0
6100,0,0
6101,0,0
6102,0,0
6103,0,0
6104,0,0
6105,0,0
6106,0,0
6107,0,0
6108,0,0
6109,2,0
6110,1,0
6111,1,0
6112,0,0
6113,0,0
6114,0,0
6115,0,0
6116,0,0
6117,0,1
6118,0,1
6119,0,1
6120,0,1
6121,0,1
6122,0,0
6123,1,0
6124,1,0
6125,1,0
6126,1,0
6127,1,0
6128,1,0
6129,1,0
6130,2,0
6131,2,0
6132,2,0
6133,3,1
6134,4,0
6135,3,0
6136,2,0
6137,3,0
6138,4,0
6139,4,0
6140,3,0
6141,3,0
6142,2,0
6143,3,0
6144,2,0
6145,1,0
6146,1,1
6147,2,0
6148,2,0
6149,2,0
6150,2,0
6151,2,0
6152,0,0
6153,0,0
6154,0,0
6155,1,0
6156,1,0
6157,1,0
6158,3,0
6159,2,0
6160,3,0
6161,2,0
6162,0,1
6163,1,1
6164,1,1
6165,1,0
6166,0,1
6167,1,0
6168,2,0
6169,2,0
6170,2,0
6171,2,1
6172,1,0
6173,0,0
6174,0,0
6175,0,0
6176,1,0
6177,1,0
6178,1,0
6179,0,0
6180,1,0
6181,0,0
6182,0,0
6183,0,0
6184,0,0
6185,0,0
6186,0,0
6187,0,0
6188,0,0
6189,0,0
6190,0,0
6191,0,0
6192,0,0
6193,0,0
6194,0,0
6195,0,0
6196,0,0
6197,1,0
6198,2,1
6199,2,0
6200,2,1
6201,1,0
6202,2,0
6203,1,0
6204,1,0
6205,0,0
6206,1,0
6207,1,0
6208,1,0
6209,1,0
6210,0,0
6211,1,0
6212,0,0
6213,0,0
6214,0,0
6215,0,0
6216,0,0
6217,1,0
6218,1,0
6219,1,0
6220,2,0
6221,2,0
6222,1,0
6223,1,0
6224,0,0
6225,0,0
6226,0,0
6227,0,0
6228,0,0
6229,0,0
6230,0,0
6231,0,0
6232,1,0
6233,1,0
6234,1,0
6235,0,0
6236,1,0
6237,1,0
6238,1,0
6239,2,0
6240,1,1
6241,2,0
6242,1,0
6243,1,0
6244,1,0
6245,0,0
6246,1,0
6247,1,0
6248,1,0
6249,1,0
6250,1,0
6251,1,0
6252,0,0
6253,0,0
6254,0,0
6255,1,0
6256,1,0
6257,1,0
6258,1,0
6259,0,0
6260,1,0
6261,1,0
6262,1,0
6263,2,0
6264,1,0
6265,1,0
6266,1,0
6267,0,0
6268,1,0
6269,0,0
6270,0,0
6271,0,0
6272,1,0
6273,1,0
6274,1,0
6275,0,1
6276,1,1
6277,0,0
6278,0,0
6279,1,0
6280,1,0
6281,1,0
6282,0,1
6283,0,0
6284,1,0
6285,1,0
6286,1,0
6287,1,0
6288,1,0
6289,0,0
6290,0,0
6291,0,0
6292,0,0
6293,0,0
6294,0,0
6295,0,0
6296,0,0
6297,0,0
6298,0,0
6299,0,0
6300,0,0
6301,0,0
6302,0,0
6303,0,0
6304,0,0
6305,0,0
6306,0,0
6307,0,0
6308,1,0
6309,1,0
6310,1,0
6311,1,1
6312,0,0
6313,0,0
6314,0,0
6315,0,0
6316,0,0
6317,0,0
6318,0,0
6319,0,0
6320,0,0
6321,0,0
6322,0,0
6323,0,0
6324,0,0
6325,0,0
6326,0,0
6327,0,0
6328,0,0
6329,0,0
6330,0,0
6331,0,0
6332,0,0
6333,0,0
6334,0,0
6335,1,0
6336,1,0
6337,1,0
6338,1,0
6339,1,0
6340,1,0
6341,0,0
6342,0,0
6343,0,0
6344,2,0
6345,2,0
6346,2,0
6347,2,0
6348,2,0
6349,0,0
6350,0,0
6351,0,0
6352,0,0
6353,0,0
6354,0,0
6355,0,0
6356,0,0
6357,1,0
6358,1,0
6359,0,1
6360,2,0
6361,3,0
6362,2,0
6363,2,0
6364,0,0
6365,0,0
6366,0,1
6367,0,1
6368,1,1
6369,1,0
6370,1,0
6371,0,0
6372,0,0
6373,0,0
6374,0,0
6375,0,0
6376,0,1
6377,0,2
6378,1,1
6379,1,1
6380,1,1
6381,2,1
6382,1,0
6383,1,1
6384,1,0
6385,1,0
6386,1,0
6387,1,0
6388,1,1
6389,0,1
6390,0,1
6391,0,1
6392,0,1
6393,1,0
6394,0,1
6395,1,0
6396,1,0
6397,1,0
6398,1,0
6399,0,0
6400,1,0
6401,1,0
6402,1,0
6403,1,0
6404,1,0
6405,1,1
6406,1,1
6407,1,1
6408,2,2
6409,2,0
6410,2,1
6411,2,0
6412,3,0
6413,3,0
6414,2,0
6415,3,0
6416,4,0
6417,4,0
6418,2,0
6419,2,0
6420,2,0
6421,3,0
6422,1,0
6423,1,0
6424,1,0
6425,3,0
6426,4,0
6427,5,0
6428,4,0
6429,5,0
6430,5,0
6431,5,0
6432,4,1
6433,2,1
6434,1,1
6435,2,1
6436,2,1
6437,1,2
6438,0,2
6439,2,1
6440,1,0
6441,2,0
6442,2,0
6443,2,0
6444,3,0
6445,2,0
6446,1,0
6447,1,0
6448,1,0
6449,1,1
6450,0,0
6451,1,0
6452,1,0
6453,1,0
6454,2,0
6455,2,0
6456,2,0
6457,1,0
6458,3,0
6459,3,0
6460,2,0
6461,3,0
6462,3,2
6463,5,0
6464,3,0
6465,2,0
6466,2,0
6467,1,1
6468,2,0
6469,2,0
6470,1,0
6471,0,0
6472,0,0
6473,1,1
6474,1,0
6475,1,1
6476,1,0
6477,2,0
6478,0,1
6479,0,1
6480,1,1
6481,0,0
6482,0,1
6483,0,0
6484,0,0
6485,0,0
6486,0,0
6487,0,0
6488,0,0
6489,0,1
6490,0,1
6491,0,1
6492,0,0
6493,2,0
6494,4,0
6495,2,0
6496,3,0
6497,2,0
6498,1,0
6499,0,1
6500,0,1
6501,0,0
6502,0,0
6503,0,0
6504,0,0
6505,0,0
6506,0,0
6507,1,0
6508,1,0
6509,2,0
6510,2,0
6511,2,1
6512,2,0
6513,2,0
6514,2,0
6515,0,0
6516,1,0
6517,0,0
6518,0,0
6519,0,0
6520,0,0
6521,0,0
6522,1,0
6523,2,0
6524,2,0
6525,2,0
6526,1,0
6527,0,0
6528,1,0
6529,1,0
6530,1,0
6531,1,0
6532,1,0
6533,0,0
6534,0,0
6535,0,0
6536,1,0
6537,1,1
6538,1,0
6539,1,0
6540,0,0
6541,0,0
6542,0,0
6543,0,0
6544,0,0
6545,0,0
6546,0,0
6547,0,0
6548,0,0
6549,0,0
6550,0,0
6551,0,0
6552,2,0
6553,2,0
6554,3,0
6555,4,0
6556,1,0
6557,2,0
6558,2,0
6559,1,1
6560,0,0
6561,0,0
6562,0,0
6563,0,0
6564,0,0
6565,0,0
6566,0,0
6567,0,0
6568,0,0
6569,0,0
6570,0,0
6571,0,0
6572,0,0
6573,0,0
6574,1,1
6575,0,1
6576,2,1
6577,3,0
6578,3,0
6579,1,0
6580,1,0
6581,1,0
6582,0,0
6583,0,0
6584,0,0
6585,0,0
6586,0,0
6587,0,0
6588,1,0
6589,1,0
6590,1,0
6591,3,0
6592,4,0
6593,3,1
6594,2,1
6595,2,0
6596,1,1
6597,0,2
6598,0,1
6599,0,1
6600,1,1
6601,1,1
6602,0,1
6603,0,2
6604,1,0
6605,1,0
6606,2,0
6607,2,0
6608,2,0
6609,2,0
6610,1,1
6611,0,1
6612,1,1
6613,1,0
6614,2,0
6615,1,0
6616,2,0
6617,1,0
6618,1,0
6619,1,0
6620,1,0
6621,1,0
6622,0,0
6623,0,0
6624,1,0
6625,0,0
6626,0,1
6627,0,1
6628,0,1
6629,1,0
6630,2,1
6631,3,0
6632,2,0
6633,4,0
6634,3,0
6635,3,0
6636,1,0
6637,1,0
6638,2,0
6639,2,1
6640,1,0
6641,2,0
6642,1,0
6643,2,0
6644,2,0
6645,1,0
6646,1,0
6647,1,1
6648,1,0
6649,0,0
6650,0,0
6651,0,0
6652,0,0
6653,0,0
6654,0,0
6655,1,0
6656,1,0
6657,1,0
6658,2,0
6659,2,0
6660,1,0
6661,1,1
6662,1,0
6663,2,0
6664,1,0
6665,1,0
6666,0,1
6667,0,1
6668,0,0
6669,1,0
6670,1,0
6671,3,0
6672,3,0
6673,5,0
6674,3,0
6675,3,0
6676,2,0
6677,1,0
6678,2,1
6679,3,1
6680,2,0
6681,2,0
6682,4,0
6683,4,1
6684,2,0
6685,2,0
6686,2,1
6687,1,0
6688,2,1
6689,2,1
6690,2,0
6691,1,0
6692,1,0
6693,0,0
6694,0,0
6695,0,0
6696,0,0
6697,1,1
6698,1,0
6699,1,0
6700,1,0
6701,0,0
6702,0,0
6703,0,0
6704,0,0
6705,0,0
6706,0,0
6707,0,0
6708,0,0
6709,1,0
6710,1,0
6711,1,0
6712,0,0
6713,1,0
6714,0,0
6715,1,0
6716,1,0
6717,2,0
6718,2,0
6719,2,0
6720,2,1
6721,0,0
6722,1,0
6723,1,0
6724,2,0
6725,0,1
6726,2,0
6727,1,1
6728,2,0
6729,1,0
6730,1,1
6731,1,0
6732,0,0
6733,0,0
6734,0,0
6735,0,0
6736,2,1
6737,2,1
6738,2,0
6739,2,1
6740,1,0
6741,1,0
6742,1,0
6743,1,1
6744,1,0
6745,1,0
6746,1,0
6747,2,2
6748,2,0
6749,2,0
6750,1,1
6751,1,0
6752,0,0
6753,0,0
6754,0,0
6755,0,0
6756,0,0
6757,1,0
6758,2,0
6759,2,0
6760,3,0
6761,3,0
6762,2,0
6763,0,0
6764,1,0
6765,0,0
6766,1,0
6767,1,0
6768,2,0
6769,2,0
6770,1,0
6771,1,0
6772,0,0
6773,0,0
6774,0,1
6775,0,1
6776,0,1
6777,0,0
6778,1,0
6779,1,0
6780,1,0
6781,1,0
6782,1,0
6783,1,0
6784,2,0
6785,2,0
6786,2,0
6787,2,0
6788,1,0
6789,1,1
6790,0,0
6791,0,0
6792,0,0
6793,0,0
6794,0,0
6795,1,0
6796,1,0
6797,1,0
6798,1,0
6799,1,0
6800,0,0
6801,0,0
6802,0,0
6803,0,0
6804,0,0
6805,0,0
6806,1,0
6807,1,0
6808,1,0
6809,2,0
6810,1,0
6811,1,1
6812,0,0
6813,1,0
6814,0,0
6815,0,0
6816,0,0
6817,1,0
6818,1,0
6819,1,0
6820,1,0
6821,1,0
6822,2,0
6823,2,0
6824,2,0
6825,1,0
6826,0,0
6827,0,1
6828,0,1
6829,0,1
6830,1,0
6831,1,0
6832,1,2
6833,1,0
6834,1,0
6835,2,0
6836,2,0
6837,2,0
6838,2,0
6839,3,1
6840,3,0
6841,2,1
6842,3,0
6843,3,0
6844,3,0
6845,1,0
6846,2,0
6847,2,0
6848,1,0
6849,2,0
6850,1,0
6851,1,0
6852,1,0
6853,1,0
6854,1,1
6855,0,0
6856,0,0
6857,0,0
6858,0,0
6859,0,0
6860,0,0
6861,0,0
6862,0,0
6863,1,0
6864,1,0
6865,1,0
6866,0,0
6867,0,0
6868,0,0
6869,0,0
6870,0,0
6871,0,0
6872,0,0
6873,0,0
6874,0,0
6875,0,0
6876,0,0
6877,0,0
6878,0,0
6879,0,0
6880,0,0
6881,0,0
6882,0,0
6883,0,0
6884,0,0
6885,0,0
6886,0,0
6887,0,0
6888,0,0
6889,0,0
6890,0,0
6891,0,0
6892,0,0
6893,0,0
6894,0,0
6895,0,0
6896,0,0
6897,0,0
6898,0,0
6899,0,0
6900,0,0
6901,0,0
6902,1,0
6903,1,0
6904,3,0
6905,3,0
6906,2,0
6907,2,0
6908,2,1
6909,1,0
6910,1,0
6911,2,0
6912,2,0
6913,2,1
6914,2,1
6915,1,0
6916,1,0
6917,1,0
6918,1,0
6919,1,0
6920,1,0
6921,0,0
6922,0,0
6923,0,0
6924,0,0
6925,0,0
6926,0,0
6927,0,0
6928,0,0
6929,0,0
6930,0,0
6931,0,0
6932,0,0
6933,0,0
6934,0,0
6935,0,0
6936,0,0
6937,0,0
6938,0,0
6939,0,0
6940,2,0
6941,2,0
6942,2,0
6943,2,0
6944,2,0
6945,0,0
6946,0,0
6947,0,0
6948,0,0
6949,0,0
6950,0,0
6951,0,0
6952,0,0
6953,0,0
6954,0,0
6955,0,0
6956,0,0
6957,0,0
6958,0,0
6959,0,0
6960,0,0
6961,0,0
6962,0,0
6963,0,0
6964,0,0
6965,0,0
6966,0,0
6967,0,0
6968,0,0
6969,0,0
6970,0,0
6971,0,0
6972,1,0
6973,1,0
6974,1,0
6975,1,0
6976,0,0
6977,0,0
6978,0,0
6979,0,0
6980,0,0
6981,1,0
6982,1,1
6983,0,1
6984,0,1
6985,0,2
6986,0,1
6987,0,0
6988,0,0
6989,0,0
6990,0,0
6991,0,1
6992,0,1
6993,0,0
6994,0,0
6995,0,0
6996,1,1
6997,1,1
6998,1,0
6999,0,0
7000,2,0
7001,1,0
7002,1,0
7003,1,0
7004,2,0
7005,1,0
7006,1,0
7007,2,0
7008,2,0
7009,2,1
7010,2,0
7011,2,0
7012,2,0
7013,3,0
7014,3,0
7015,6,0
7016,3,0
7017,3,0
7018,3,1
7019,4,1
7020,2,0
7021,2,0
7022,3,0
7023,3,0
7024,3,1
7025,1,0
7026,1,0
7027,1,1
7028,1,0
7029,0,0
7030,1,0
7031,1,1
7032,0,1
7033,0,1
7034,0,1
7035,0,1
7036,0,0
7037,1,1
7038,1,0
7039,1,0
7040,1,0
7041,1,0
7042,1,0
7043,1,0
7044,2,0
7045,2,0
7046,1,0
7047,1,1
7048,2,1
7049,3,0
7050,2,0
7051,3,0
7052,3,1
7053,2,1
7054,1,0
7055,1,0
7056,1,1
7057,1,0
7058,1,0
7059,1,0
7060,1,0
7061,3,0
7062,3,0
7063,4,0
7064,4,0
7065,4,0
7066,1,0
7067,1,1
7068,1,0
7069,1,0
7070,0,0
7071,0,0
7072,1,0
7073,0,0
7074,0,0
7075,0,0
7076,0,0
7077,0,0
7078,1,0
7079,1,0
7080,2,0
7081,2,0
7082,2,0
7083,0,0
7084,0,0
7085,0,0
7086,0,0
7087,0,0
7088,0,0
7089,0,0
7090,0,0
7091,1,0
7092,1,0
7093,1,0
7094,2,0
7095,2,0
7096,2,2
7097,2,1
7098,2,0
7099,1,0
7100,0,0
7101,0,0
7102,0,0
7103,1,0
7104,1,0
7105,0,1
7106,0,0
7107,0,0
7108,0,0
7109,0,0
7110,0,0
7111,0,0
7112,0,0
7113,0,0
7114,0,0
7115,0,0
7116,0,0
7117,0,0
7118,0,0
7119,0,0
7120,0,0
7121,0,0
7122,0,0
7123,0,0
7124,0,0
7125,0,0
7126,0,0
7127,0,1
7128,0,1
7129,0,1
7130,0,0
7131,0,0
7132,0,0
7133,0,0
7134,1,0
7135,1,0
7136,1,0
7137,1,0
7138,1,0
7139,1,0
7140,1,0
7141,1,0
7142,1,1
7143,0,1
7144,0,0
7145,1,0
7146,0,0
7147,0,0
7148,1,0
7149,1,1
7150,1,0
7151,1,0
7152,2,0
7153,1,0
7154,3,0
7155,3,0
7156,3,0
7157,2,0
7158,2,0
7159,1,0
7160,0,0
7161,0,0
7162,0,0
7163,0,0
7164,1,0
7165,2,0
7166,2,0
7167,2,0
7168,2,0
7169,1,0
7170,2,0
7171,2,0
7172,2,0
7173,1,1
7174,1,0
7175,0,0
7176,1,0
7177,2,1
7178,2,0
7179,2,0
7180,1,1
7181,1,0
7182,0,0
7183,0,0
7184,0,0
7185,0,0
7186,1,0
7187,1,0
7188,1,0
7189,0,0
7190,0,0
7191,0,0
7192,0,0
7193,0,0
7194,0,0
7195,0,0
7196,0,0
7197,1,0
7198,1,0
7199,2,0
7200,2,0
7201,3,0
7202,4,0
7203,3,0
7204,2,0
7205,1,0
7206,2,0
7207,1,0
7208,1,0
7209,1,0
7210,1,1
7211,0,0
7212,0,0
7213,0,0
7214,0,0
7215,1,0
7216,1,0
7217,1,0
7218,1,0
7219,1,0
7220,1,0
7221,1,0
7222,1,0
7223,1,0
7224,1,0
7225,1,0
7226,1,0
7227,1,0
7228,1,0
7229,0,0
7230,2,0
7231,1,1
7232,2,0
7233,1,0
7234,0,0
7235,0,1
7236,0,1
7237,0,1
7238,0,0
7239,0,0
7240,0,0
7241,1,0
7242,1,0
7243,1,0
7244,1,0
7245,0,0
7246,0,0
7247,0,1
7248,0,1
7249,0,1
7250,0,0
7251,1,0
7252,1,0
7253,1,0
7254,1,0
7255,1,0
7256,2,0
7257,1,0
7258,1,0
7259,0,0
7260,0,0
7261,0,0
7262,0,0
7263,0,0
7264,0,0
7265,1,0
7266,1,0
7267,1,0
7268,0,0
7269,0,0
7270,0,0
7271,0,0
7272,0,0
7273,0,0
7274,0,0
7275,1,1
7276,0,1
7277,0,0
7278,0,0
7279,0,0
7280,0,0
7281,0,0
7282,0,0
7283,1,0
7284,1,0
7285,2,0
7286,2,0
7287,1,0
7288,1,0
7289,1,0
7290,0,0
7291,0,0
7292,0,0
7293,1,0
7294,1,1
7295,1,0
7296,1,0
7297,1,0
7298,0,0
7299,0,0
7300,0,0
7301,0,0
7302,0,0
7303,0,0
7304,1,0
7305,1,0
7306,1,0
7307,0,0
7308,0,0
7309,0,0
7310,0,0
7311,0,2
7312,0,2
7313,0,1
7314,0,2
7315,0,1
7316,1,0
7317,1,0
7318,1,0
7319,0,0
7320,0,0
7321,0,0
7322,0,0
7323,0,0
7324,0,0
7325,0,0
7326,0,0
7327,1,0
7328,1,0
7329,1,0
7330,1,0
7331,0,0
7332,0,0
7333,0,1
7334,1,0
7335,0,1
7336,0,1
7337,1,0
7338,1,0
7339,1,0
7340,1,0
7341,0,0
7342,0,0
7343,0,0
7344,0,0
7345,0,0
7346,0,0
7347,0,0
7348,0,0
7349,0,0
7350,2,0
7351,2,0
7352,2,0
7353,2,0
7354,2,0
7355,1,0
7356,1,0
7357,1,0
7358,1,0
7359,1,0
7360,0,0
7361,0,0
7362,0,0
7363,0,0
7364,0,0
7365,0,0
7366,0,0
7367,1,0
7368,1,0
7369,1,0
7370,1,0
7371,0,1
7372,0,0
7373,1,0
7374,1,0
7375,1,0
7376,1,0
7377,2,0
7378,1,0
7379,0,1
7380,1,1
7381,1,0
7382,0,0
7383,0,0
7384,0,0
7385,0,0
7386,0,0
7387,0,0
7388,0,0
7389,0,0
7390,0,0
7391,1,0
7392,1,0
7393,0,0
7394,0,0
7395,0,0
7396,0,0
7397,0,0
7398,1,0
7399,1,0
7400,1,0
7401,0,1
7402,0,0
7403,0,0
7404,0,0
7405,0,0
7406,0,0
7407,1,0
7408,1,0
7409,1,1
7410,1,0
7411,1,0
7412,0,1
7413,1,0
7414,1,0
7415,1,0
7416,0,0
7417,0,0
7418,0,0
7419,0,0
7420,1,0
7421,1,0
7422,1,1
7423,1,0
7424,0,0
7425,0,0
7426,0,0
7427,0,0
7428,0,0
7429,0,0
7430,0,0
7431,0,0
7432,1,0
7433,2,0
7434,1,0
7435,1,0
7436,0,1
7437,0,0
7438,0,0
7439,0,0
7440,0,0
7441,0,0
7442,0,0
7443,0,0
7444,0,0
7445,0,0
7446,0,0
7447,0,0
7448,0,0
7449,0,0
7450,0,0
7451,0,1
7452,0,0
7453,0,0
7454,0,1
7455,1,0
7456,0,1
7457,0,1
7458,1,0
7459,1,0
7460,1,0
7461,0,0
7462,0,1
7463,0,1
7464,0,1
7465,0,1
7466,0,0
7467,0,0
7468,0,1
7469,0,1
7470,0,1
7471,0,1
7472,0,1
7473,1,0
7474,2,0
7475,1,0
7476,2,0
7477,3,1
7478,3,0
7479,3,1
7480,4,1
7481,4,1
7482,4,2
7483,5,0
7484,4,0
7485,3,0
7486,3,0
7487,2,0
7488,3,1
7489,2,1
7490,2,0
7491,2,0
7492,3,0
7493,4,0
7494,3,0
7495,3,0
7496,4,0
7497,4,0
7498,5,0
7499,4,0
7500,3,0
7501,5,0
7502,4,0
7503,4,1
7504,3,0
7505,3,0
7506,4,0
7507,3,0
7508,2,0
7509,2,0
7510,3,0
7511,3,1
7512,4,1
7513,3,0
7514,3,0
7515,5,1
7516,5,0
7517,3,0
7518,3,0
7519,3,0
7520,4,0
7521,3,0
7522,2,0
7523,3,0
7524,3,0
7525,5,0
7526,3,0
7527,2,0
7528,2,0
7529,3,0
7530,2,0
7531,2,0
7532,3,0
7533,3,2
7534,1,1
7535,1,0
7536,0,0
7537,1,0
7538,0,0
7539,0,0
7540,0,0
7541,0,1
7542,0,1
7543,0,2
7544,0,1
7545,0,1
7546,0,1
7547,0,1
7548,0,1
7549,0,0
7550,0,0
7551,0,0
7552,0,0
7553,0,0
7554,1,0
7555,1,0
7556,1,1
7557,0,1
7558,0,0
7559,1,0
7560,1,0
7561,1,0
7562,1,1
7563,1,1
7564,1,1
7565,0,1
7566,1,0
7567,2,0
7568,1,0
7569,1,0
7570,2,0
7571,1,1
7572,2,0
7573,3,1
7574,3,0
7575,3,0
7576,3,0
7577,3,0
7578,2,0
7579,2,0
7580,2,0
7581,1,0
7582,2,0
7583,2,0
7584,2,0
7585,0,1
7586,0,2
7587,0,1
7588,0,1
7589,0,2
7590,0,1
7591,0,0
7592,0,0
7593,0,0
7594,0,0
7595,1,0
7596,1,1
7597,0,1
7598,0,1
7599,0,1
7600,1,0
7601,1,1
7602,1,0
7603,2,1
7604,2,2
7605,1,1
7606,1,1
7607,1,0
7608,1,0
7609,0,0
7610,0,0
7611,2,0
7612,2,0
7613,2,0
7614,2,0
7615,2,1
7616,1,0
7617,0,0
7618,0,0
7619,0,0
7620,0,0
7621,0,1
7622,0,1
7623,0,1
7624,0,2
7625,1,1
7626,1,0
7627,2,0
7628,1,1
7629,2,0
7630,3,0
7631,2,0
7632,3,0
7633,3,0
7634,3,0
7635,3,0
7636,4,0
7637,3,0
7638,3,0
7639,3,0
7640,3,0
7641,3,0
7642,3,0
7643,3,0
7644,2,0
7645,2,1
7646,2,1
7647,2,0
7648,2,0
7649,1,0
7650,2,0
7651,2,0
7652,3,0
7653,3,0
7654,1,1
7655,2,1
7656,3,0
7657,3,0
7658,3,0
7659,4,0
7660,2,0
7661,2,1
7662,3,0
7663,2,0
7664,2,0
7665,2,0
7666,2,0
7667,1,0
7668,1,0
7669,2,0
7670,2,0
7671,2,0
7672,1,1
7673,0,2
7674,0,1
7675,0,1
7676,1,0
7677,1,0
7678,1,0
7679,2,0
7680,1,1
7681,1,1
7682,0,2
7683,1,1
7684,1,0
7685,1,0
7686,1,0
7687,1,0
7688,2,0
7689,3,0
7690,3,0
7691,4,0
7692,4,0
7693,4,0
7694,6,1
7695,4,0
7696,4,0
7697,3,0
7698,4,0
7699,3,1
7700,2,1
7701,2,1
7702,3,0
7703,3,0
7704,2,0
7705,2,0
7706,2,0
7707,2,0
7708,2,0
7709,2,0
7710,2,0
7711,3,0
7712,2,0
7713,3,2
7714,2,2
7715,1,1
7716,2,1
7717,2,2
7718,3,2
7719,2,1
7720,0,1
7721,0,3
7722,1,1
7723,1,0
7724,0,0
7725,0,0
7726,0,0
7727,0,0
7728,1,0
7729,2,0
7730,2,0
7731,3,0
7732,3,0
7733,3,0
7734,4,0
7735,5,0
7736,3,1
7737,3,0
7738,0,2
7739,0,2
7740,1,0
7741,2,0
7742,2,0
7743,0,1
7744,1,0
7745,2,0
7746,1,0
7747,2,0
7748,0,1
7749,1,0
7750,1,0
7751,0,0
7752,0,1
7753,0,1
7754,0,1
7755,0,1
7756,0,2
7757,0,2
7758,0,3
7759,0,0
7760,0,0
7761,2,0
7762,2,0
7763,2,0
7764,2,1
7765,1,0
7766,1,0
7767,1,0
7768,1,0
7769,1,0
7770,1,0
7771,1,1
7772,1,0
7773,2,0
7774,2,0
7775,2,2
7776,1,1
7777,4,2
7778,2,0
7779,1,1
7780,2,1
7781,3,2
7782,3,0
7783,3,1
7784,4,0
7785,3,0
7786,3,0
7787,2,1
7788,0,1
7789,2,1
7790,2,0
7791,1,0
7792,0,1
7793,1,1
7794,0,0
7795,1,1
7796,1,1
7797,1,0
7798,1,0
7799,0,1
7800,1,0
7801,0,0
7802,1,0
7803,1,0
7804,1,1
7805,2,0
7806,2,0
7807,1,0
7808,2,0
7809,2,0
7810,1,0
7811,1,0
7812,0,1
7813,1,0
7814,0,0
7815,0,0
7816,2,0
7817,1,0
7818,2,0
7819,2,0
7820,3,1
7821,1,0
7822,1,0
7823,1,0
7824,0,1
7825,1,0
7826,0,0
7827,1,1
7828,1,0
7829,2,1
7830,3,0
7831,3,0
7832,2,0
7833,2,0
7834,2,0
7835,2,0
7836,0,0
7837,0,0
7838,0,0
7839,0,0
7840,1,0
7841,1,0
7842,2,0
7843,3,0
7844,3,0
7845,2,0
7846,1,0
7847,1,0
7848,1,0
7849,0,0
7850,0,0
7851,0,0
7852,0,0
7853,0,0
7854,0,0
7855,1,0
7856,1,0
7857,0,0
7858,0,0
7859,0,1
7860,0,0
7861,0,0
7862,1,0
7863,1,0
7864,1,0
7865,0,0
7866,1,0
7867,0,0
7868,0,0
7869,0,0
7870,0,0
7871,1,0
7872,1,0
7873,2,0
7874,1,0
7875,1,0
7876,0,0
7877,0,0
7878,0,1
7879,0,1
7880,0,1
7881,1,1
7882,1,1
7883,1,1
7884,0,1
7885,0,0
7886,0,1
7887,0,1
7888,1,0
7889,2,1
7890,2,0
7891,3,0
7892,3,0
7893,2,2
7894,1,0
7895,2,0
7896,1,0
7897,2,0
7898,2,0
7899,2,0
7900,1,0
7901,2,0
7902,3,0
7903,3,0
7904,4,0
7905,4,0
7906,5,0
7907,4,0
7908,4,0
7909,2,0
7910,3,0
7911,3,0
7912,3,0
7913,3,0
7914,1,0
7915,1,0
7916,1,0
7917,2,1
7918,2,0
7919,1,0
7920,2,0
7921,3,0
7922,3,0
7923,5,1
7924,5,0
7925,2,1
7926,2,1
7927,1,1
7928,2,1
7929,1,1
7930,2,0
7931,1,0
7932,2,0
7933,3,0
7934,3,1
7935,1,1
7936,2,1
7937,2,0
7938,2,1
7939,0,0
7940,0,0
7941,0,0
7942,0,0
7943,0,0
7944,0,0
7945,0,0
7946,0,0
7947,1,0
7948,1,0
7949,1,0
7950,1,0
7951,2,0
7952,2,0
7953,2,0
7954,2,0
7955,2,0
7956,2,0
7957,2,0
7958,3,0
7959,3,0
7960,3,0
7961,3,0
7962,3,0
7963,3,1
7964,2,1
7965,3,0
7966,4,0
7967,4,1
7968,3,0
7969,3,0
7970,3,0
7971,2,1
7972,1,1
7973,1,1
7974,1,0
7975,0,0
7976,0,0
7977,1,0
7978,0,0
7979,1,0
7980,1,0
7981,1,0
7982,1,1
7983,2,0
7984,1,0
7985,1,0
7986,2,0
7987,0,1
7988,1,1
7989,0,1
7990,0,1
7991,1,0
7992,2,0
7993,2,0
7994,3,0
7995,3,1
7996,2,0
7997,2,0
7998,3,1
7999,2,0
8000,2,1
8001,3,0
8002,3,0
8003,2,0
8004,2,0
8005,3,0
8006,1,2
8007,0,1
8008,1,1
8009,3,1
8010,3,1
8011,2,0
8012,1,0
8013,1,0
8014,1,0
8015,1,1
8016,0,0
8017,0,0
8018,1,0
8019,0,0
8020,0,0
8021,0,0
8022,0,0
8023,0,0
8024,0,0
8025,0,0
8026,0,0
8027,1,0
8028,2,1
8029,2,0
8030,2,0
8031,2,0
8032,3,0
8033,2,0
8034,4,0
8035,3,0
8036,3,0
8037,3,0
8038,2,0
8039,3,0
8040,2,1
8041,3,0
8042,4,0
8043,2,0
8044,2,0
8045,3,0
8046,3,0
8047,3,0
8048,3,0
8049,3,0
8050,3,0
8051,1,0
8052,1,0
8053,1,0
8054,0,0
8055,1,0
8056,1,0
8057,1,1
8058,3,0
8059,3,0
8060,3,0
8061,3,0
8062,2,0
8063,1,0
8064,1,0
8065,0,0
8066,0,0
8067,0,0
8068,0,0
8069,0,0
8070,0,0
8071,0,0
8072,1,0
8073,0,1
8074,1,1
8075,0,1
8076,1,0
8077,1,0
8078,1,0
8079,1,0
8080,1,0
8081,0,0
8082,0,0
8083,0,0
8084,0,0
8085,1,0
8086,1,1
8087,1,0
8088,0,0
8089,0,0
8090,0,0
8091,0,0
8092,0,0
8093,0,0
8094,0,0
8095,0,0
8096,0,0
8097,0,0
8098,0,0
8099,0,0
8100,0,0
8101,0,0
8102,0,0
8103,1,0
8104,1,0
8105,2,0
8106,2,0
8107,1,0
8108,1,0
8109,2,0
8110,1,0
8111,2,0
8112,2,0
8113,1,0
8114,2,0
8115,2,0
8116,1,1
8117,1,0
8118,1,0
8119,0,0
8120,0,0
8121,0,0
8122,0,0
8123,0,0
8124,0,0
8125,1,0
8126,1,0
8127,1,0
8128,0,0
8129,0,0
8130,0,0
8131,0,0
8132,0,0
8133,0,0
8134,1,0
8135,1,0
8136,2,0
8137,2,0
8138,2,0
8139,1,0
8140,1,0
8141,0,0
8142,0,0
8143,0,0
8144,0,0
8145,0,0
8146,1,0
8147,1,0
8148,1,0
8149,1,0
8150,0,0
8151,0,0
8152,0,0
8153,0,0
8154,0,0
8155,0,0
8156,0,0
8157,0,0
8158,0,0
8159,0,0
8160,0,0
8161,0,0
8162,0,0
8163,0,0
8164,0,0
8165,0,0
8166,0,0
8167,0,0
8168,0,1
8169,0,1
8170,0,1
8171,0,0
8172,0,0
8173,0,0
8174,0,0
8175,1,0
8176,1,0
8177,0,2
8178,0,1
8179,0,2
8180,0,1
8181,0,1
8182,0,1
8183,0,0
8184,0,0
8185,0,0
8186,0,0
8187,0,0
8188,0,0
8189,0,0
8190,0,1
8191,0,2
8192,0,1
8193,0,2
8194,0,1
8195,2,0
8196,2,0
8197,2,0
8198,2,0
8199,2,0
8200,1,0
8201,1,0
8202,1,0
8203,1,0
8204,0,0
8205,2,0
8206,1,0
8207,2,0
8208,1,0
8209,1,0
8210,2,0
8211,1,0
8212,1,0
8213,0,2
8214,1,0
8215,1,0
8216,1,0
8217,2,0
8218,2,0
8219,2,1
8220,0,1
8221,0,1
8222,0,1
8223,0,1
8224,1,0
8225,1,0
8226,2,0
8227,2,0
8228,1,0
8229,1,1
8230,2,0
8231,5,0
8232,3,0
8233,3,0
8234,2,0
8235,3,0
8236,2,0
8237,1,0
8238,2,0
8239,3,0
8240,1,1
8241,2,0
8242,2,2
8243,2,0
8244,1,0
8245,1,0
8246,1,1
8247,1,0
8248,0,0
8249,0,0
8250,0,0
8251,0,0
8252,0,0
8253,0,0
8254,0,0
8255,0,0
8256,0,0
8257,0,0
8258,0,0
8259,0,0
8260,0,0
8261,0,0
8262,0,0
8263,0,0
8264,0,0
8265,0,0
8266,0,0
8267,0,0
8268,0,0
8269,0,0
8270,0,0
8271,0,0
8272,1,0
8273,1,1
8274,0,2
8275,1,1
8276,0,1
8277,1,1
8278,1,1
8279,1,1
8280,0,1
8281,0,0
8282,0,0
8283,0,0
8284,0,0
8285,0,1
8286,0,1
8287,1,1
8288,1,0
8289,1,0
8290,1,0
8291,0,0
8292,2,0
8293,2,0
8294,2,0
8295,2,0
8296,4,0
8297,4,0
8298,4,0
8299,3,0
8300,1,1
8301,2,2
8302,1,1
8303,3,0
8304,1,0
8305,1,0
8306,1,1
8307,0,1
8308,0,1
8309,0,1
8310,0,0
8311,1,0
8312,1,0
8313,1,1
8314,2,0
8315,3,0
8316,3,0
8317,2,0
8318,1,0
8319,2,0
8320,4,0
8321,3,0
8322,5,0
8323,3,0
8324,3,0
8325,4,0
8326,3,0
8327,3,0
8328,3,1
8329,3,0
8330,1,0
8331,1,0
8332,1,1
8333,1,1
8334,1,1
8335,1,1
8336,1,0
8337,1,0
8338,2,0
8339,1,0
8340,1,0
8341,0,1
8342,1,1
8343,1,1
8344,0,1
8345,0,1
8346,0,0
8347,0,0
8348,1,0
8349,2,0
8350,2,0
8351,2,0
8352,4,0
8353,3,0
8354,3,0
8355,3,0
8356,5,0
8357,5,0
8358,3,0
8359,3,0
8360,3,0
8361,3,0
8362,2,0
8363,2,0
8364,1,0
8365,1,0
8366,2,0
8367,2,0
8368,1,0
8369,1,0
8370,1,0
8371,1,0
8372,1,0
8373,1,0
8374,1,0
8375,1,0
8376,2,0
8377,2,2
8378,2,0
8379,2,0
8380,2,1
8381,3,0
8382,2,0
8383,3,0
8384,2,0
8385,1,1
8386,0,0
8387,0,0
8388,1,0
8389,1,0
8390,1,0
8391,1,0
8392,3,0
8393,2,0
8394,2,0
8395,2,0
8396,2,0
8397,0,0
8398,0,0
8399,1,0
8400,2,0
8401,2,0
8402,2,0
8403,1,0
8404,0,0
8405,0,1
8406,0,1
8407,0,1
8408,1,1
8409,2,1
8410,2,0
8411,2,0
8412,2,1
8413,2,0
8414,1,0
8415,1,0
8416,1,0
8417,1,0
8418,0,0
8419,0,0
8420,0,1
8421,0,2
8422,0,1
8423,0,0
8424,0,1
8425,1,0
8426,2,0
8427,3,1
8428,3,0
8429,2,1
8430,3,0
8431,2,0
8432,1,1
8433,0,1
8434,1,0
8435,1,0
8436,3,0
8437,4,0
8438,3,1
8439,4,0
8440,3,1
8441,3,0
8442,3,0
8443,3,0
8444,2,0
8445,2,1
8446,1,1
8447,1,0
8448,1,2
8449,0,1
8450,1,1
8451,2,0
8452,2,1
8453,1,0
8454,1,0
8455,2,0
8456,2,0
8457,2,0
8458,3,0
8459,3,0
8460,4,0
8461,2,0
8462,2,0
8463,3,0
8464,1,0
8465,2,0
8466,2,0
8467,2,0
8468,2,0
8469,1,0
8470,2,0
8471,3,0
8472,4,1
8473,4,0
8474,5,1
8475,5,0
8476,3,0
8477,2,0
8478,1,0
8479,1,0
8480,1,1
8481,2,0
8482,2,0
8483,3,0
8484,4,0
8485,4,0
8486,2,0
8487,2,0
8488,4,0
8489,3,1
8490,4,0
8491,3,0
8492,5,1
8493,4,0
8494,3,0
8495,2,1
8496,2,1
8497,2,1
8498,1,1
8499,2,3
8500,0,3
8501,1,0
8502,1,0
8503,2,0
8504,2,0
8505,2,0
8506,2,0
8507,3,1
8508,3,0
8509,2,0
8510,2,0
8511,2,0
8512,3,0
8513,3,0
8514,3,0
8515,3,0
8516,4,0
8517,3,0
8518,4,0
8519,4,0
8520,3,0
8521,3,0
8522,2,0
8523,2,0
8524,1,0
8525,1,0
8526,2,0
8527,1,0
8528,3,0
8529,4,0
8530,3,0
8531,4,0
8532,3,0
8533,2,0
8534,2,0
8535,2,0
8536,3,0
8537,3,0
8538,3,0
8539,2,0
8540,2,0
8541,3,1
8542,2,0
8543,1,0
8544,1,0
8545,0,1
8546,0,1
8547,1,0
8548,1,0
8549,3,0
8550,3,0
8551,2,0
8552,3,0
8553,2,1
8554,2,0
8555,2,1
8556,2,2
8557,3,0
8558,3,0
8559,2,1
8560,2,1
8561,2,1
8562,0,0
8563,0,0
8564,1,0
8565,2,0
8566,3,0
8567,3,1
8568,5,1
8569,4,1
8570,1,0
8571,1,1
8572,2,1
8573,2,1
8574,1,1
8575,1,1
8576,1,1
8577,1,1
8578,1,0
8579,3,0
8580,2,0
8581,3,0
8582,4,0
8583,2,1
8584,3,1
8585,3,0
8586,1,1
8587,2,0
8588,2,0
8589,2,1
8590,0,0
8591,2,0
8592,2,0
8593,2,0
8594,2,0
8595,3,0
8596,3,0
8597,4,0
8598,3,0
8599,2,0
8600,2,0
8601,3,0
8602,3,0
8603,1,0
8604,1,1
8605,1,1
8606,1,1
8607,0,1
8608,0,0
8609,1,0
8610,2,0
8611,2,0
8612,3,0
8613,3,1
8614,3,1
8615,0,2
8616,0,1
8617,0,0
8618,0,0
8619,0,0
8620,0,0
8621,0,0
8622,0,0
8623,0,0
8624,0,0
8625,0,0
8626,0,0
8627,0,0
8628,0,0
8629,0,0
8630,0,0
8631,1,0
8632,1,0
8633,1,0
8634,1,0
8635,1,1
8636,0,0
8637,0,0
8638,0,1
8639,0,0
8640,0,1
8641,0,0
8642,2,0
8643,2,0
8644,3,0
8645,3,0
8646,3,0
8647,0,0
8648,0,0
8649,0,0
8650,0,0
8651,0,0
8652,0,0
8653,1,0
8654,1,0
8655,1,0
8656,1,0
8657,1,0
8658,0,1
8659,0,2
8660,0,1
8661,1,1
8662,1,0
8663,0,0
8664,0,1
8665,0,1
8666,0,1
8667,0,0
8668,1,0
8669,1,0
8670,1,0
8671,0,0
8672,1,0
8673,2,0
8674,2,0
8675,2,0
8676,1,0
8677,1,0
8678,2,0
8679,2,1
8680,2,0
8681,3,0
8682,4,0
8683,4,0
8684,3,0
8685,3,0
8686,2,1
8687,2,0
8688,2,0
8689,2,2
8690,1,0
8691,0,0
8692,2,0
8693,2,0
8694,2,0
8695,4,0
8696,4,0
8697,4,0
8698,3,0
8699,2,0
8700,2,0
8701,2,0
8702,1,0
8703,1,0
8704,2,0
8705,2,1
8706,2,0
8707,3,0
8708,2,0
8709,1,0
8710,0,0
8711,2,0
8712,1,0
8713,1,0
8714,1,0
8715,1,0
8716,0,0
8717,0,0
8718,0,0
8719,0,0
8720,0,0
8721,0,0
8722,0,0
8723,0,0
8724,0,0
8725,0,0
8726,1,0
8727,0,1
8728,0,1
8729,0,1
8730,0,1
8731,0,0
8732,0,0
8733,1,0
8734,1,0
8735,1,0
8736,1,0
8737,0,0
8738,0,0
8739,0,0
8740,0,0
8741,0,0
8742,0,0
8743,0,0
8744,1,0
8745,1,0
8746,1,0
8747,1,0
8748,0,0
8749,1,0
8750,0,0
8751,0,0
8752,0,0
8753,1,0
8754,1,0
8755,2,0
8756,2,0
8757,3,0
8758,2,0
8759,2,1
8760,1,0
8761,1,1
8762,0,0
8763,0,0
8764,0,0
8765,0,0
8766,0,0
8767,1,0
8768,1,0
8769,1,0
8770,2,0
8771,2,0
8772,1,0
8773,1,0
8774,1,0
8775,2,0
8776,1,0
8777,1,0
8778,2,1
8779,2,0
8780,0,0
8781,0,0
8782,0,0
8783,1,0
8784,1,0
8785,1,0
8786,1,0
8787,0,0
8788,0,0
8789,0,0
8790,0,0
8791,1,0
8792,1,0
8793,1,0
8794,1,0
8795,1,0
8796,2,0
8797,2,0
8798,1,0
8799,0,0
8800,0,0
8801,0,0
8802,0,0
8803,1,0
8804,1,0
8805,1,0
8806,2,0
8807,3,1
8808,2,0
8809,0,2
8810,0,0
8811,1,0
8812,0,0
8813,1,0
8814,1,0
8815,1,0
8816,1,0
8817,0,0
8818,0,0
8819,0,0
8820,0,0
8821,0,1
8822,0,1
8823,0,1
8824,0,1
8825,0,1
8826,0,0
8827,0,0
8828,0,0
8829,0,2
8830,0,0
8831,0,1
8832,0,1
8833,0,0
8834,1,0
8835,1,0
8836,1,0
8837,1,0
8838,1,0
8839,1,0
8840,1,0
8841,2,0
8842,1,0
8843,2,0
8844,2,0
8845,2,1
8846,3,0
8847,1,0
8848,1,0
8849,1,0
8850,2,1
8851,2,0
8852,1,0
8853,0,1
8854,1,0
8855,1,0
8856,1,1
8857,2,0
8858,2,1
8859,2,0
8860,2,0
8861,3,0
8862,3,0
8863,2,0
8864,3,0
8865,2,0
8866,2,0
8867,1,0
8868,0,0
8869,0,0
8870,0,0
8871,0,0
8872,0,1
8873,0,2
8874,0,2
8875,1,1
8876,1,2
8877,1,0
8878,3,0
8879,3,0
8880,3,0
8881,2,1
8882,2,2
8883,1,0
8884,1,0
8885,1,0
8886,0,0
8887,0,0
8888,0,0
8889,0,0
8890,0,0
8891,0,0
8892,0,0
8893,0,0
8894,1,0
8895,1,1
8896,1,0
8897,2,1
8898,2,0
8899,3,0
8900,0,2
8901,2,0
8902,1,1
8903,0,1
8904,0,1
8905,1,0
8906,1,0
8907,0,0
8908,0,0
8909,0,0
8910,0,0
8911,0,0
8912,0,0
8913,0,0
8914,0,0
8915,0,0
8916,0,0
8917,0,1
8918,0,1
8919,0,1
8920,0,1
8921,1,0
8922,1,0
8923,2,0
8924,1,2
8925,1,1
8926,0,1
8927,1,1
8928,2,0
8929,1,0
8930,1,1
8931,0,0
8932,0,0
8933,1,0
8934,2,0
8935,2,0
8936,2,0
8937,1,0
8938,1,0
8939,0,0
8940,0,0
8941,0,0
8942,0,1
8943,0,1
8944,1,1
8945,1,1
8946,2,2
8947,3,0
8948,3,1
8949,4,0
8950,3,0
8951,3,2
8952,2,1
8953,2,2
8954,0,1
8955,1,0
8956,1,0
8957,1,0
8958,1,0
8959,2,0
8960,1,0
8961,2,0
8962,2,0
8963,3,0
8964,2,0
8965,2,1
8966,3,1
8967,3,0
8968,1,0
8969,2,0
8970,4,0
8971,3,0
8972,3,0
8973,2,0
8974,2,0
8975,2,0
8976,2,2
8977,3,0
8978,3,0
8979,1,2
8980,2,0
8981,4,0
8982,1,1
8983,2,0
8984,3,0
8985,3,0
8986,1,0
8987,2,0
8988,3,0
8989,2,0
8990,2,0
8991,1,1
8992,1,0
8993,1,0
8994,0,0
8995,0,1
8996,0,1
8997,0,1
8998,0,0
8999,2,0
9000,2,0
9001,2,0
9002,2,0
9003,3,0
9004,2,0
9005,1,0
9006,1,0
9007,2,0
9008,2,0
9009,2,0
9010,2,0
9011,2,0
9012,2,0
9013,1,0
9014,2,0
9015,1,0
9016,0,1
9017,0,1
9018,1,0
9019,0,0
9020,0,0
9021,0,0
9022,1,0
9023,1,0
9024,1,0
9025,1,0
9026,1,0
9027,0,0
9028,0,0
9029,1,0
9030,1,0
9031,2,0
9032,2,0
9033,1,0
9034,0,1
9035,0,1
9036,1,0
9037,1,0
9038,1,0
9039,1,0
9040,1,0
9041,2,0
9042,1,0
9043,2,0
9044,2,0
9045,3,0
9046,2,0
9047,2,0
9048,2,0
9049,2,0
9050,0,0
9051,1,1
9052,1,1
9053,0,1
9054,0,0
9055,1,0
9056,1,0
9057,1,0
9058,1,0
9059,1,0
9060,0,0
9061,0,0
9062,0,0
9063,0,0
9064,1,0
9065,1,0
9066,1,0
9067,0,0
9068,1,0
9069,1,0
9070,0,0
9071,2,0
9072,3,0
9073,3,0
9074,3,0
9075,1,1
9076,0,0
9077,0,0
9078,0,0
9079,0,0
9080,0,0
9081,0,0
9082,0,0
9083,0,0
9084,0,0
9085,0,0
9086,1,0
9087,1,1
9088,1,0
9089,1,0
9090,0,0
9091,0,0
9092,0,0
9093,0,0
9094,0,0
9095,0,0
9096,0,0
9097,1,0
9098,1,0
9099,0,0
9100,0,0
9101,1,0
9102,1,0
9103,0,2
9104,0,1
9105,0,0
9106,0,0
9107,0,0
9108,0,0
9109,1,0
9110,1,0
9111,1,0
9112,2,0
9113,2,0
9114,1,0
9115,0,1
9116,1,0
9117,0,0
9118,1,0
9119,1,0
9120,1,0
9121,3,0
9122,2,0
9123,2,1
9124,3,1
9125,1,0
9126,1,0
9127,1,0
9128,0,0
9129,0,0
9130,0,0
9131,0,0
9132,0,0
9133,0,0
9134,0,0
9135,0,0
9136,0,0
9137,0,0
9138,0,0
9139,1,0
9140,1,0
9141,1,0
9142,0,0
9143,1,0
9144,1,0
9145,1,0
9146,1,2
9147,1,1
9148,0,0
9149,0,0
9150,0,0
9151,0,0
9152,0,0
9153,1,0
9154,1,0
9155,1,0
9156,2,0
9157,2,0
9158,2,0
9159,1,0
9160,1,1
9161,1,0
9162,1,0
9163,0,0
9164,0,0
9165,0,0
9166,1,0
9167,1,0
9168,1,0
9169,1,1
9170,1,0
9171,0,0
9172,0,0
9173,0,0
9174,1,0
9175,1,0
9176,1,0
9177,2,0
9178,1,0
9179,1,0
9180,1,0
9181,0,0
9182,1,0
9183,1,0
9184,1,0
9185,1,1
9186,1,0
9187,2,0
9188,1,0
9189,1,1
9190,0,0
9191,0,0
9192,0,0
9193,1,0
9194,1,1
9195,1,0
9196,0,0
9197,0,0
9198,0,0
9199,0,0
9200,0,0
9201,1,0
9202,1,0
9203,2,0
9204,2,0
9205,2,0
9206,2,0
9207,2,0
9208,1,0
9209,0,0
9210,0,0
9211,0,0
9212,0,0
9213,0,0
9214,0,0
9215,0,0
9216,0,0
9217,0,0
9218,0,0
9219,1,0
9220,1,0
9221,1,0
9222,1,0
9223,1,0
9224,0,0
9225,0,0
9226,0,0
9227,0,0
9228,1,0
9229,2,0
9230,2,0
9231,2,0
9232,2,0
9233,2,0
9234,1,0
9235,1,0
9236,2,0
9237,2,0
9238,2,0
9239,2,0
9240,0,1
9241,1,0
9242,1,0
9243,0,0
9244,0,0
9245,0,0
9246,0,0
9247,0,0
9248,1,0
9249,1,0
9250,1,0
9251,1,0
9252,1,0
9253,0,0
9254,0,0
9255,0,0
9256,0,0
9257,0,0
9258,0,0
9259,0,0
9260,0,0
9261,0,0
9262,0,0
9263,0,0
9264,0,0
9265,0,0
9266,0,0
9267,0,0
9268,0,0
9269,0,0
9270,1,0
9271,1,0
9272,2,0
9273,3,0
9274,1,0
9275,2,0
9276,2,2
9277,3,0
9278,2,0
9279,1,0
9280,1,0
9281,1,0
9282,2,0
9283,2,0
9284,1,2
9285,1,1
9286,0,1
9287,0,0
9288,0,0
9289,0,0
9290,0,0
9291,0,0
9292,0,1
9293,0,1
9294,1,1
9295,1,1
9296,2,0
9297,3,2
9298,2,0
9299,2,0
9300,3,0
9301,3,0
9302,1,0
9303,2,0
9304,2,0
9305,3,0
9306,2,0
9307,2,0
9308,1,0
9309,1,1
9310,0,0
9311,0,0
9312,0,0
9313,0,0
9314,0,0
9315,0,0
9316,0,0
9317,1,0
9318,2,0
9319,2,0
9320,1,0
9321,1,0
9322,0,0
9323,1,0
9324,1,0
9325,1,0
9326,0,0
9327,0,0
9328,0,0
9329,0,0
9330,0,0
9331,0,0
9332,0,0
9333,2,0
9334,2,1
9335,1,1
9336,2,0
9337,1,1
9338,0,0
9339,0,0
9340,0,0
9341,0,0
9342,0,0
9343,1,0
9344,2,0
9345,2,0
9346,2,0
9347,1,0
9348,1,0
9349,0,0
9350,0,0
9351,0,0
9352,1,0
9353,1,0
9354,1,0
9355,0,0
9356,1,0
9357,1,0
9358,1,1
9359,1,0
9360,1,0
9361,1,1
9362,0,0
9363,0,0
9364,1,0
9365,0,0
9366,1,0
9367,0,0
9368,0,0
9369,0,0
9370,0,0
9371,1,0
9372,0,0
9373,1,0
9374,0,0
9375,0,0
9376,0,0
9377,0,0
9378,0,0
9379,1,0
9380,1,0
9381,2,0
9382,0,1
9383,0,1
9384,1,0
9385,0,0
9386,0,0
9387,0,0
9388,0,0
9389,0,0
9390,0,0
9391,0,0
9392,0,0
9393,0,0
9394,0,0
9395,1,0
9396,1,0
9397,0,0
9398,0,0
9399,0,0
9400,0,0
9401,0,0
9402,0,0
9403,0,0
9404,0,0
9405,0,0
9406,0,0
9407,0,1
9408,0,1
9409,0,2
9410,0,0
9411,0,0
9412,0,0
9413,1,0
9414,1,0
9415,0,0
9416,1,0
9417,0,0
9418,0,0
9419,0,0
9420,0,1
9421,0,1
9422,0,0
9423,0,0
9424,0,0
9425,1,0
9426,1,0
9427,1,0
9428,1,0
9429,2,0
9430,1,0
9431,1,0
9432,1,1
9433,2,0
9434,2,0
9435,2,0
9436,2,0
9437,2,0
9438,3,0
9439,2,0
9440,2,0
9441,3,0
9442,3,0
9443,2,0
9444,2,0
9445,1,1
9446,1,0
9447,0,0
9448,0,1
9449,0,1
9450,0,1
9451,0,0
9452,0,0
9453,0,0
9454,0,0
9455,0,0
9456,0,0
9457,0,0
9458,0,0
9459,0,0
9460,0,0
9461,0,0
9462,1,0
9463,1,0
9464,1,0
9465,1,0
9466,1,0
9467,0,0
9468,0,0
9469,0,0
9470,0,0
9471,0,0
9472,0,0
9473,0,0
9474,0,0
9475,0,0
9476,0,0
9477,0,0
9478,0,0
9479,0,0
9480,0,0
9481,0,0
9482,0,0
9483,1,0
9484,1,0
9485,2,0
9486,3,0
9487,3,0
9488,3,0
9489,0,1
9490,0,0
9491,1,0
9492,1,0
9493,1,1
9494,1,1
9495,0,0
9496,1,0
9497,1,1
9498,1,0
9499,1,1
9500,2,1
9501,1,1
9502,1,1
9503,2,0
9504,1,0
9505,0,0
9506,1,0
9507,1,0
9508,2,0
9509,2,0
9510,2,0
9511,0,0
9512,2,0
9513,1,0
9514,1,0
9515,0,0
9516,2,0
9517,1,0
9518,1,0
9519,1,1
9520,1,1
9521,2,0
9522,1,1
9523,1,2
9524,1,0
9525,0,1
9526,0,1
9527,0,0
9528,0,1
9529,0,1
9530,0,1
9531,0,1
9532,0,0
9533,0,0
9534,0,0
9535,1,0
9536,1,0
9537,1,1
9538,1,0
9539,2,0
9540,1,0
9541,1,0
9542,1,0
9543,1,0
9544,0,0
9545,0,0
9546,0,0
9547,0,1
9548,2,0
9549,2,0
9550,3,0
9551,2,1
9552,3,0
9553,3,0
9554,2,0
9555,3,0
9556,2,0
9557,1,0
9558,1,0
9559,1,0
9560,2,0
9561,2,0
9562,1,1
9563,1,0
9564,1,1
9565,0,1
9566,0,1
9567,0,0
9568,0,0
9569,0,0
9570,0,0
9571,0,0
9572,0,0
9573,0,0
9574,0,0
9575,0,0
9576,1,0
9577,1,0
9578,1,0
9579,0,0
9580,1,0
9581,1,0
9582,1,0
9583,1,0
9584,1,0
9585,1,0
9586,0,0
9587,0,0
9588,0,0
9589,1,0
9590,1,0
9591,1,0
9592,1,0
9593,1,0
9594,0,0
9595,0,0
9596,0,0
9597,0,0
9598,1,0
9599,1,0
9600,1,0
9601,1,0
9602,0,0
9603,1,1
9604,0,0
9605,1,0
9606,1,0
9607,0,0
9608,0,0
9609,0,0
9610,0,0
9611,0,0
9612,0,0
9613,0,0
9614,0,0
9615,0,0
9616,0,0
9617,0,0
9618,1,0
9619,1,0
9620,1,0
9621,1,0
9622,0,0
9623,0,0
9624,0,0
9625,0,0
9626,0,1
9627,1,1
9628,0,2
9629,0,0
9630,0,0
9631,0,0
9632,0,0
9633,0,0
9634,0,0
9635,0,0
9636,0,1
9637,0,1
9638,0,1
9639,1,0
9640,1,0
9641,1,0
9642,1,1
9643,1,1
9644,0,1
9645,1,1
9646,1,1
9647,1,0
9648,0,0
9649,0,0
9650,1,0
9651,2,0
9652,1,1
9653,0,1
9654,3,0
9655,2,2
9656,3,0
9657,3,1
9658,2,0
9659,0,1
9660,0,0
9661,0,0
9662,0,0
9663,0,0
9664,0,0
9665,0,0
9666,0,0
9667,0,0
9668,1,0
9669,1,0
9670,1,0
9671,1,0
9672,2,0
9673,2,0
9674,0,1
9675,1,1
9676,1,1
9677,1,0
9678,1,0
9679,1,0
9680,1,0
9681,0,0
9682,0,0
9683,0,0
9684,0,0
9685,0,0
9686,0,0
9687,0,0
9688,0,0
9689,0,0
9690,0,0
9691,0,0
9692,0,0
9693,0,0
9694,0,0
9695,0,0
9696,0,0
9697,0,0
9698,1,0
9699,1,1
9700,1,0
9701,1,1
9702,1,0
9703,0,0
9704,0,0
9705,0,0
9706,0,0
9707,0,0
9708,0,0
9709,0,0
9710,0,0
9711,2,0
9712,2,0
9713,2,0
9714,3,1
9715,4,0
9716,2,2
9717,0,1
9718,0,1
9719,1,0
9720,0,0
9721,1,0
9722,2,0
9723,3,0
9724,3,0
9725,2,0
9726,2,0
9727,1,0
9728,1,0
9729,1,0
9730,1,0
9731,1,0
9732,0,0
9733,0,0
9734,0,0
9735,0,0
9736,0,0
9737,0,0
9738,0,0
9739,0,0
9740,0,0
9741,0,0
9742,1,0
9743,1,0
9744,2,0
9745,3,0
9746,2,0
9747,3,0
9748,2,0
9749,2,0
9750,2,0
9751,1,0
9752,0,1
9753,1,0
9754,1,0
9755,0,0
9756,0,0
9757,0,0
9758,0,0
9759,0,0
9760,0,0
9761,0,0
9762,0,0
9763,0,0
9764,0,0
9765,0,0
9766,0,1
9767,0,1
9768,0,1
9769,0,0
9770,0,0
9771,0,0
9772,1,0
9773,1,0
9774,1,0
9775,0,0
9776,0,0
9777,0,0
9778,0,0
9779,0,0
9780,0,0
9781,0,0
9782,0,0
9783,0,0
9784,0,0
9785,0,0
9786,1,0
9787,1,1
9788,1,0
9789,1,0
9790,0,0
9791,1,0
9792,1,0
9793,1,0
9794,2,0
9795,1,1
9796,1,0
9797,1,0
9798,1,0
9799,1,0
9800,1,0
9801,2,0
9802,1,0
9803,1,0
9804,2,0
9805,1,0
9806,2,0
9807,2,1
9808,1,0
9809,1,0
9810,2,0
9811,1,0
9812,1,0
9813,1,0
9814,1,0
9815,2,0
9816,2,0
9817,2,0
9818,3,0
9819,3,0
9820,2,0
9821,2,0
9822,2,0
9823,2,0
9824,2,0
9825,2,0
9826,1,0
9827,0,0
9828,1,0
9829,1,0
9830,0,0
9831,0,0
9832,0,0
9833,0,0
9834,0,0
9835,0,0
9836,0,0
9837,0,0
9838,0,0
9839,0,0
9840,1,1
9841,1,0
9842,2,1
9843,2,0
9844,2,0
9845,2,0
9846,2,0
9847,1,0
9848,1,0
9849,0,0
9850,0,0
9851,0,0
9852,1,0
9853,1,0
9854,2,0
9855,2,0
9856,1,1
9857,1,0
9858,1,0
9859,1,0
9860,1,0
9861,2,1
9862,1,1
9863,2,2
9864,1,1
9865,2,0
9866,0,0
9867,0,0
9868,1,0
9869,1,0
9870,1,0
9871,1,0
9872,0,0
9873,0,0
9874,0,0
9875,0,0
9876,0,0
9877,0,0
9878,0,0
9879,0,0
9880,0,0
9881,0,0
9882,0,0
9883,1,0
9884,1,0
9885,1,0
9886,1,0
9887,1,0
9888,0,0
9889,0,1
9890,0,1
9891,1,1
9892,1,1
9893,0,0
9894,0,0
9895,0,0
9896,0,0
9897,0,0
9898,1,0
9899,1,0
9900,1,0
9901,2,0
9902,2,0
9903,1,0
9904,1,0
9905,1,0
9906,0,0
9907,0,0
9908,0,0
9909,0,0
9910,0,0
9911,0,0
9912,0,0
9913,0,0
9914,0,0
9915,0,0
9916,1,0
9917,1,0
9918,1,0
9919,1,0
9920,1,0
9921,0,0
9922,1,0
9923,1,0
9924,1,0
9925,0,0
9926,1,1
9927,0,1
9928,0,1
9929,0,0
9930,1,0
9931,1,0
9932,2,0
9933,3,0
9934,3,0
9935,1,0
9936,1,0
9937,0,1
9938,0,0
9939,1,0
9940,1,0
9941,1,0
9942,1,1
9943,0,0
9944,0,0
9945,0,0
9946,0,0
9947,0,0
9948,1,0
9949,1,0
9950,1,0
9951,2,0
9952,2,0
9953,1,1
9954,1,0
9955,2,0
9956,2,0
9957,1,0
9958,1,0
9959,1,0
9960,1,0
9961,0,0
9962,0,0
9963,0,0
9964,0,0
9965,1,0
9966,1,0
9967,1,0
9968,1,1
9969,0,2
9970,0,0
9971,1,0
9972,1,0
9973,1,1
9974,0,0
9975,0,0
9976,0,0
9977,0,0
9978,0,0
9979,0,0
9980,0,0
9981,0,0
9982,0,0
9983,1,0
9984,1,0
9985,1,0
9986,1,0
9987,2,0
9988,2,0
9989,2,1
9990,2,0
9991,1,1
9992,0,0
9993,1,0
9994,0,0
9995,0,0
9996,0,0
9997,0,0
9998,0,0
9999,0,0
10000,0,0
10001,0,0
10002,0,0
10003,0,0
10004,0,0
10005,0,0
10006,0,0
10007,0,0
10008,0,0
10009,0,0
10010,1,0
10011,1,1
10012,0,0
10013,1,0
10014,0,0
10015,0,0
10016,0,0
10017,0,0
10018,0,0
10019,0,0
10020,0,0
10021,0,0
10022,0,0
10023,0,0
10024,0,0
10025,0,0
10026,0,0
10027,0,0
10028,0,0
10029,1,0
10030,1,0
10031,1,0
10032,1,0
10033,2,0
10034,2,0
10035,1,0
10036,2,0
10037,2,0
10038,1,0
10039,1,0
10040,0,1
10041,0,0
10042,0,0
10043,1,0
10044,1,0
10045,1,0
10046,1,0
10047,0,0
10048,0,0
10049,1,0
10050,1,0
10051,1,0
10052,0,0
10053,1,0
10054,1,1
10055,1,0
10056,1,1
10057,0,0
10058,0,0
10059,1,0
10060,1,0
10061,2,0
10062,2,0
10063,2,0
10064,2,0
10065,0,0
10066,0,0
10067,0,0
10068,0,0
10069,0,0
10070,1,0
10071,1,1
10072,1,0
10073,1,0
10074,1,1
10075,0,1
10076,0,0
10077,0,0
10078,0,0
10079,0,0
10080,0,0
10081,0,0
10082,0,0
10083,0,0
10084,0,0
10085,0,0
10086,0,0
10087,2,0
10088,2,0
10089,4,0
10090,1,2
10091,1,1
10092,3,0
10093,3,0
10094,3,0
10095,3,1
10096,1,0
10097,1,1
10098,1,0
10099,1,0
10100,1,0
10101,1,0
10102,0,0
10103,0,0
10104,0,0
10105,0,0
10106,0,0
10107,0,0
10108,1,0
10109,1,0
10110,1,1
10111,1,0
10112,0,0
10113,0,0
10114,0,0
10115,0,0
10116,0,0
10117,0,0
10118,0,0
10119,0,0
10120,0,0
10121,0,0
10122,0,1
10123,0,0
10124,0,0
10125,0,0
10126,0,0
10127,0,0
10128,0,0
10129,0,0
10130,0,0
10131,1,0
10132,1,0
10133,1,0
10134,0,0
10135,0,0
10136,0,0
10137,0,0
10138,0,0
10139,0,0
10140,0,0
10141,0,0
10142,0,0
10143,0,0
10144,0,0
10145,0,0
10146,0,0
10147,0,0
10148,0,0
10149,0,0
10150,0,0
10151,1,0
10152,1,0
10153,1,0
10154,1,0
10155,2,0
10156,3,0
10157,2,0
10158,4,0
10159,3,0
10160,3,0
10161,2,0
10162,3,0
10163,3,0
10164,2,0
10165,2,0
10166,3,0
10167,2,1
10168,3,0
10169,2,0
10170,1,0
10171,2,0
10172,3,0
10173,2,0
10174,3,0
10175,4,0
10176,3,0
10177,2,1
10178,2,1
10179,1,2
10180,1,1
10181,1,1
10182,0,2
10183,0,3
10184,3,0
10185,4,0
10186,4,0
10187,2,1
10188,1,0
10189,3,0
10190,3,0
10191,2,0
10192,2,0
10193,3,0
10194,3,0
10195,1,0
10196,1,0
10197,2,0
10198,2,1
10199,1,0
10200,2,0
10201,2,0
10202,3,0
10203,2,1
10204,2,0
10205,3,0
10206,4,0
10207,4,1
10208,5,0
10209,4,0
10210,4,0
10211,3,0
10212,4,0
10213,6,0
10214,3,0
10215,2,0
10216,2,0
10217,4,0
10218,3,0
10219,2,0
10220,1,1
10221,3,0
10222,1,2
10223,2,0
10224,2,1
10225,2,0
10226,2,1
10227,3,0
10228,3,0
10229,2,0
10230,2,0
10231,3,0
10232,3,0
10233,3,0
10234,2,0
10235,2,0
10236,2,0
10237,1,0
10238,1,0
10239,0,1
10240,0,0
10241,3,0
10242,2,0
10243,2,0
10244,2,1
10245,1,1
10246,1,0
10247,0,0
10248,0,0
10249,0,0
10250,0,0
10251,0,0
10252,0,0
10253,0,0
10254,0,0
10255,0,0
10256,0,0
10257,1,0
10258,1,0
10259,0,1
10260,3,1
10261,3,0
10262,3,1
10263,2,1
10264,1,1
10265,1,1
10266,1,1
10267,1,0
10268,2,1
10269,1,0
10270,1,1
10271,1,0
10272,1,2
10273,2,2
10274,1,1
10275,2,0
10276,2,0
10277,2,0
10278,2,0
10279,2,1
10280,2,0
10281,1,1
10282,1,1
10283,1,0
10284,2,0
10285,1,0
10286,1,1
10287,1,0
10288,2,0
10289,2,0
10290,2,0
10291,3,1
10292,3,0
10293,1,1
10294,2,1
10295,3,1
10296,2,1
10297,3,0
10298,2,0
10299,0,2
10300,1,2
10301,0,2
10302,0,2
10303,0,1
10304,0,0
10305,0,0
10306,0,0
10307,1,0
10308,1,0
10309,1,0
10310,1,0
10311,1,0
10312,0,0
10313,0,0
10314,0,0
10315,0,0
10316,0,0
10317,0,0
10318,0,0
10319,0,0
10320,0,0
10321,0,0
10322,0,0
10323,1,0
10324,2,0
10325,2,0
10326,2,0
10327,4,0
10328,4,0
10329,3,0
10330,4,0
10331,4,1
10332,2,2
10333,1,2
10334,2,1
10335,2,0
10336,2,1
10337,1,2
10338,1,1
10339,0,1
10340,1,0
10341,0,0
10342,0,0
10343,0,0
10344,0,0
10345,1,0
10346,1,0
10347,1,1
10348,1,0
10349,1,0
10350,1,0
10351,1,0
10352,2,0
10353,2,0
10354,2,0
10355,0,0
10356,1,0
10357,1,1
10358,0,0
10359,0,0
10360,0,0
10361,0,0
10362,0,0
10363,0,0
10364,1,0
10365,1,0
10366,1,0
10367,0,0
10368,0,0
10369,0,0
10370,0,0
10371,1,0
10372,2,0
10373,2,1
10374,1,1
10375,0,1
10376,0,0
10377,0,0
10378,0,0
10379,0,0
10380,2,0
10381,2,0
10382,2,0
10383,1,0
10384,1,0
10385,1,0
10386,1,0
10387,0,1
10388,0,1
10389,0,0
10390,0,0
10391,0,0
10392,1,0
10393,1,0
10394,1,0
10395,1,0
10396,1,0
10397,0,0
10398,0,0
10399,0,0
10400,0,0
10401,0,0
10402,0,0
10403,0,0
10404,0,0
10405,0,0
10406,0,0
10407,0,0
10408,0,0
10409,0,0
10410,0,0
10411,0,0
10412,1,0
10413,1,0
10414,1,0
10415,1,0
10416,2,0
10417,1,0
10418,1,0
10419,1,0
10420,1,0
10421,0,0
10422,0,0
10423,0,0
10424,0,0
10425,0,0
10426,0,0
10427,0,0
10428,0,0
10429,0,0
10430,0,0
10431,0,0
10432,0,0
10433,0,0
10434,0,0
10435,0,0
10436,0,0
10437,0,0
10438,0,0
10439,0,0
10440,0,1
10441,0,1
10442,0,1
10443,0,1
10444,0,0
10445,0,0
10446,0,0
10447,1,0
10448,2,0
10449,2,0
10450,1,1
10451,2,1
10452,0,2
10453,1,1
10454,2,1
10455,3,0
10456,4,0
10457,3,0
10458,3,0
10459,1,1
10460,2,0
10461,2,0
10462,2,0
10463,2,0
10464,3,0
10465,4,0
10466,4,0
10467,2,0
10468,3,0
10469,3,0
10470,3,0
10471,3,0
10472,2,0
10473,2,0
10474,3,0
10475,3,0
10476,2,0
10477,3,0
10478,3,0
10479,3,0
10480,2,1
10481,2,1
10482,2,0
10483,2,0
10484,1,1
10485,1,0
10486,1,0
10487,0,0
10488,0,0
10489,1,0
10490,1,0
10491,1,0
10492,1,0
10493,0,0
10494,0,0
10495,0,0
10496,0,0
10497,0,0
10498,0,0
10499,0,0
10500,0,0
10501,0,0
10502,1,0
10503,1,0
10504,1,0
10505,1,0
10506,1,0
10507,0,0
10508,1,0
10509,1,0
10510,1,0
10511,1,0
10512,1,0
10513,0,0
10514,1,0
10515,1,0
10516,1,0
10517,1,0
10518,2,0
10519,1,0
10520,2,0
10521,2,1
10522,4,0
10523,3,1
10524,2,0
10525,4,0
10526,4,0
10527,2,0
10528,3,1
10529,3,0
10530,2,0
10531,2,0
10532,1,1
10533,1,0
10534,1,0
10535,1,0
10536,1,0
10537,1,0
10538,1,0
10539,1,0
10540,1,0
10541,1,0
10542,0,0
10543,0,0
10544,0,0
10545,1,0
10546,1,1
10547,0,1
10548,1,0
10549,1,0
10550,1,0
10551,1,0
10552,1,0
10553,1,0
10554,2,1
10555,2,1
10556,1,0
10557,1,0
10558,0,0
10559,0,0
10560,1,0
10561,1,1
10562,1,1
10563,1,0
10564,0,0
10565,0,0
10566,0,0
10567,0,0
10568,0,0
10569,0,0
10570,0,0
10571,0,0
10572,0,0
10573,0,0
10574,0,0
10575,0,0
10576,0,0
10577,0,0
10578,0,0
10579,0,0
10580,0,0
10581,0,0
10582,0,0
10583,0,0
10584,0,0
10585,0,0
10586,0,0
10587,0,0
10588,0,0
10589,0,0
10590,0,0
10591,0,0
10592,0,0
10593,1,0
10594,1,0
10595,1,0
10596,0,1
10597,0,2
10598,0,1
10599,0,2
10600,0,0
10601,0,0
10602,0,0
10603,0,0
10604,0,0
10605,1,0
10606,1,0
10607,0,1
10608,1,0
10609,1,0
10610,0,0
10611,0,0
10612,0,0
10613,0,0
10614,0,0
10615,0,0
10616,1,0
10617,1,0
10618,1,0
10619,1,0
10620,1,0
10621,0,0
10622,0,0
10623,0,0
10624,0,0
10625,0,0
10626,0,0
10627,0,0
10628,0,0
10629,1,0
10630,1,0
10631,1,0
10632,1,0
10633,2,0
10634,1,0
10635,1,0
10636,1,0
10637,1,0
10638,1,0
10639,0,0
10640,0,0
10641,1,0
10642,1,0
10643,1,0
10644,2,0
10645,0,1
10646,1,3
10647,2,1
10648,0,1
10649,0,1
10650,0,0
10651,0,0
10652,0,0
10653,0,0
10654,0,0
10655,0,0
10656,0,0
10657,1,0
10658,1,0
10659,1,1
10660,1,0
10661,1,0
10662,0,0
10663,0,0
10664,1,1
10665,1,1
10666,1,1
10667,1,0
10668,1,0
10669,1,1
10670,1,0
10671,1,0
10672,1,2
10673,1,2
10674,1,2
10675,0,2
10676,0,1
10677,1,0
10678,1,0
10679,2,1
10680,2,0
10681,1,0
10682,0,0
10683,0,0
10684,0,0
10685,0,0
10686,0,0
10687,0,0
10688,1,0
10689,1,0
10690,2,0
10691,2,0
10692,2,0
10693,1,0
10694,0,0
10695,0,0
10696,0,0
10697,0,0
10698,1,0
10699,1,1
10700,0,1
10701,1,0
10702,0,0
10703,0,0
10704,0,0
10705,1,0
10706,1,0
10707,1,0
10708,0,0
10709,1,0
10710,0,0
10711,0,0
10712,0,0
10713,0,0
10714,0,0
10715,0,0
10716,0,0
10717,1,0
10718,1,0
10719,1,0
10720,1,0
10721,0,0
10722,0,0
10723,0,0
10724,0,0
10725,0,0
10726,1,0
10727,1,0
10728,1,0
10729,1,0
10730,1,0
10731,0,0
10732,1,0
10733,1,0
10734,1,0
10735,0,0
10736,0,0
10737,0,0
10738,0,0
10739,0,0
10740,0,0
10741,0,0
10742,1,0
10743,1,0
10744,1,0
10745,0,0
10746,1,0
10747,1,0
10748,1,0
10749,1,0
10750,1,0
10751,1,0
10752,0,0
10753,0,0
10754,0,0
10755,0,0
10756,0,0
10757,0,0
10758,0,1
10759,0,1
10760,0,1
10761,0,2
10762,0,1
10763,0,0
10764,0,0
10765,0,0
10766,1,0
10767,1,0
10768,1,0
10769,1,0
10770,2,0
10771,1,0
10772,1,0
10773,0,1
10774,1,0
10775,1,0
10776,1,0
10777,2,0
10778,1,0
10779,2,0
10780,1,0
10781,1,0
10782,0,0
10783,0,0
10784,0,0
10785,0,0
10786,0,0
10787,0,0
10788,0,0
10789,0,0
10790,0,0
10791,0,0
10792,0,0
10793,0,0
10794,0,0
10795,0,0
