seconds,car_flow,car_density,car_speed,avg_travel_time
0,3,0.188,15.95744680851064,9.023999999999997
1,3,0.174,17.24137931034483,8.351999999999999
2,5,0.156,32.05128205128205,4.492800000000001
3,9,0.1709999999999999,52.63157894736845,2.7359999999999984
4,7,0.208,33.65384615384615,4.278857142857143
5,1,0.187,5.347593582887701,26.928
6,1,0.17,5.88235294117647,24.480000000000004
7,4,0.082,48.78048780487805,2.952
8,3,0.124,24.193548387096776,5.952
9,2,0.124,16.129032258064516,8.928
11,5,0.136,36.76470588235294,3.9168000000000003
12,3,0.166,18.072289156626503,7.968000000000001
13,6,0.184,32.608695652173914,4.4159999999999995
14,4,0.204,19.607843137254903,7.344
15,5,0.199,25.125628140703515,5.731200000000001
16,8,0.183,43.71584699453552,3.2940000000000005
17,9,0.1989999999999999,45.22613065326635,3.1839999999999984
18,4,0.216,18.51851851851852,7.776
19,3,0.2429999999999999,12.345679012345684,11.663999999999996
20,6,0.24,25.0,5.76
21,5,0.192,26.041666666666668,5.529599999999999
22,7,0.183,38.25136612021858,3.764571428571429
23,7,0.125,56.0,2.5714285714285716
24,3,0.154,19.48051948051948,7.392
25,8,0.155,51.612903225806456,2.79
26,4,0.138,28.98550724637681,4.968000000000001
27,6,0.149,40.26845637583893,3.576
28,4,0.147,27.2108843537415,5.292
29,10,0.189,52.91005291005291,2.7216
30,5,0.174,28.73563218390805,5.0112
31,2,0.176,11.363636363636363,12.672
32,6,0.186,32.25806451612903,4.464
33,2,0.185,10.81081081081081,13.32
34,4,0.213,18.779342723004696,7.667999999999999
35,11,0.186,59.13978494623656,2.434909090909091
36,3,0.216,13.88888888888889,10.368
37,4,0.215,18.6046511627907,7.74
38,3,0.176,17.045454545454547,8.447999999999999
39,6,0.189,31.746031746031747,4.536
40,5,0.175,28.571428571428573,5.04
41,4,0.128,31.25,4.6080000000000005
42,7,0.16,43.75,3.291428571428572
43,4,0.191,20.94240837696335,6.876
44,4,0.208,19.23076923076923,7.488
45,9,0.179,50.27932960893855,2.864
46,2,0.179,11.1731843575419,12.888
47,5,0.208,24.03846153846154,5.9904
48,5,0.232,21.551724137931032,6.6816
49,2,0.184,10.869565217391305,13.248
50,4,0.22,18.181818181818183,7.919999999999999
51,1,0.18,5.555555555555555,25.92
52,2,0.174,11.49425287356322,12.528
53,10,0.22,45.45454545454545,3.168
54,7,0.246,28.45528455284553,5.0605714285714285
55,16,0.246,65.04065040650407,2.214
56,2,0.266,7.518796992481203,19.151999999999997
57,8,0.217,36.86635944700461,3.9059999999999997
58,2,0.2339999999999999,8.54700854700855,16.847999999999995
59,9,0.179,50.27932960893855,2.864
60,2,0.164,12.195121951219512,11.808
61,6,0.205,29.26829268292683,4.92
62,6,0.195,30.769230769230766,4.68
63,3,0.179,16.75977653631285,8.591999999999999
64,3,0.182,16.483516483516485,8.735999999999999
65,4,0.188,21.27659574468085,6.768
66,3,0.1619999999999999,18.51851851851853,7.775999999999995
67,2,0.18,11.11111111111111,12.96
68,5,0.158,31.645569620253163,4.550400000000001
69,2,0.1649999999999999,12.121212121212128,11.879999999999994
70,6,0.192,31.25,4.6080000000000005
71,3,0.162,18.51851851851852,7.776
72,3,0.173,17.341040462427745,8.304
73,7,0.173,40.46242774566474,3.558857142857143
74,2,0.152,13.157894736842106,10.944
75,8,0.172,46.51162790697675,3.096
76,4,0.183,21.85792349726776,6.588000000000001
77,6,0.197,30.45685279187817,4.728000000000001
78,5,0.1649999999999999,30.30303030303032,4.751999999999997
79,3,0.1379999999999999,21.739130434782624,6.623999999999996
80,4,0.179,22.3463687150838,6.444
81,7,0.202,34.65346534653465,4.155428571428572
82,5,0.214,23.36448598130841,6.163200000000001
83,6,0.183,32.78688524590164,4.392
84,11,0.205,53.65853658536586,2.683636363636363
85,2,0.196,10.20408163265306,14.112000000000002
86,2,0.187,10.6951871657754,13.464000000000002
87,4,0.138,28.98550724637681,4.968000000000001
88,8,0.149,53.69127516778524,2.6819999999999995
89,1,0.1639999999999999,6.09756097560976,23.61599999999999
90,9,0.186,48.38709677419355,2.976
91,4,0.196,20.40816326530612,7.056000000000001
92,3,0.215,13.953488372093023,10.32
93,1,0.1709999999999999,5.847953216374273,24.623999999999985
94,6,0.1659999999999999,36.14457831325304,3.983999999999997
95,7,0.1619999999999999,43.2098765432099,3.332571428571427
96,1,0.1699999999999999,5.882352941176474,24.479999999999986
97,6,0.243,24.69135802469136,5.832
99,4,0.1399999999999999,28.57142857142859,5.0399999999999965
100,5,0.156,32.05128205128205,4.492800000000001
101,4,0.224,17.857142857142858,8.064
102,13,0.212,61.320754716981135,2.3483076923076927
103,6,0.196,30.612244897959183,4.704000000000001
104,4,0.2299999999999999,17.391304347826093,8.279999999999998
105,4,0.211,18.95734597156398,7.595999999999999
106,4,0.127,31.496062992125985,4.572
107,5,0.196,25.51020408163265,5.644800000000001
108,4,0.208,19.23076923076923,7.488
109,6,0.2029999999999999,29.55665024630544,4.871999999999996
110,3,0.197,15.228426395939085,9.456000000000001
111,5,0.1689999999999999,29.585798816568065,4.867199999999997
112,4,0.163,24.539877300613497,5.868
113,3,0.177,16.949152542372882,8.495999999999999
114,6,0.206,29.12621359223301,4.944
115,2,0.194,10.309278350515465,13.968
116,9,0.221,40.723981900452486,3.5360000000000005
118,1,0.218,4.587155963302752,31.392
119,3,0.192,15.625,9.216000000000001
120,6,0.187,32.0855614973262,4.488
121,8,0.145,55.17241379310345,2.61
122,6,0.154,38.96103896103896,3.696
123,11,0.18,61.11111111111112,2.356363636363636
124,5,0.186,26.881720430107528,5.3568
125,4,0.099,40.4040404040404,3.5640000000000005
126,8,0.073,109.58904109589042,1.3139999999999998
127,6,0.108,55.55555555555556,2.592
128,1,0.1349999999999999,7.407407407407413,19.439999999999987
129,1,0.1169999999999999,8.547008547008554,16.84799999999999
130,1,0.118,8.474576271186441,16.991999999999997
131,5,0.173,28.901734104046245,4.9824
132,4,0.178,22.471910112359552,6.4079999999999995
133,5,0.221,22.62443438914028,6.364799999999997
134,2,0.198,10.1010101010101,14.256000000000002
135,2,0.197,10.152284263959393,14.183999999999997
136,5,0.198,25.252525252525253,5.7024
137,6,0.185,32.432432432432435,4.4399999999999995
138,9,0.2009999999999999,44.776119402985096,3.2159999999999984
139,3,0.215,13.953488372093023,10.32
140,3,0.16,18.75,7.680000000000001
141,4,0.178,22.471910112359552,6.4079999999999995
142,4,0.196,20.40816326530612,7.056000000000001
143,15,0.162,92.5925925925926,1.5552
144,6,0.213,28.169014084507044,5.112
145,5,0.229,21.83406113537118,6.5952
146,4,0.219,18.264840182648403,7.884
147,2,0.252,7.936507936507937,18.144
148,7,0.21,33.333333333333336,4.32
149,10,0.196,51.0204081632653,2.8224000000000005
150,2,0.206,9.708737864077673,14.831999999999997
151,7,0.224,31.25,4.6080000000000005
152,8,0.221,36.199095022624434,3.978
153,3,0.174,17.24137931034483,8.351999999999999
154,12,0.205,58.53658536585366,2.46
155,2,0.214,9.345794392523365,15.408
156,3,0.166,18.072289156626503,7.968000000000001
157,4,0.137,29.1970802919708,4.932
158,7,0.1679999999999999,41.66666666666669,3.4559999999999977
159,9,0.2,45.0,3.2
160,11,0.194,56.70103092783505,2.539636363636364
161,2,0.186,10.75268817204301,13.392000000000001
162,4,0.1689999999999999,23.66863905325445,6.083999999999997
163,4,0.176,22.72727272727273,6.335999999999999
164,3,0.171,17.543859649122805,8.208000000000002
165,5,0.175,28.571428571428573,5.04
166,9,0.157,57.32484076433121,2.512
167,1,0.203,4.926108374384236,29.232000000000003
168,3,0.213,14.084507042253522,10.224
169,3,0.1679999999999999,17.85714285714287,8.063999999999995
170,2,0.135,14.814814814814811,9.720000000000002
171,3,0.1709999999999999,17.543859649122815,8.207999999999995
172,8,0.1569999999999999,50.95541401273889,2.825999999999998
173,8,0.176,45.45454545454546,3.1679999999999997
174,4,0.168,23.809523809523807,6.048000000000001
175,2,0.181,11.049723756906078,13.032
176,2,0.189,10.582010582010582,13.607999999999999
177,10,0.176,56.81818181818182,2.5343999999999998
178,5,0.194,25.77319587628866,5.5872
179,4,0.178,22.471910112359552,6.4079999999999995
180,3,0.1669999999999999,17.964071856287436,8.015999999999995
181,3,0.109,27.52293577981652,5.231999999999998
182,6,0.092,65.21739130434783,2.2079999999999997
183,8,0.196,40.81632653061224,3.5280000000000005
184,8,0.176,45.45454545454546,3.1679999999999997
185,10,0.1639999999999999,60.9756097560976,2.361599999999999
186,4,0.21,19.047619047619047,7.56
187,7,0.192,36.458333333333336,3.9497142857142857
188,14,0.189,74.07407407407408,1.944
189,5,0.184,27.17391304347826,5.2992
190,6,0.215,27.906976744186046,5.16
191,4,0.169,23.66863905325444,6.084
192,4,0.195,20.51282051282051,7.020000000000001
193,3,0.165,18.18181818181818,7.920000000000001
194,8,0.2219999999999999,36.03603603603605,3.9959999999999987
195,9,0.172,52.32558139534884,2.752
196,3,0.179,16.75977653631285,8.591999999999999
197,4,0.177,22.598870056497177,6.372
198,3,0.184,16.304347826086957,8.831999999999999
199,2,0.1679999999999999,11.904761904761912,12.095999999999993
200,16,0.193,82.90155440414507,1.737
201,1,0.205,4.878048780487805,29.52
202,7,0.157,44.5859872611465,3.2297142857142855
203,4,0.21,19.047619047619047,7.56
204,3,0.154,19.48051948051948,7.392
205,6,0.177,33.898305084745765,4.247999999999999
206,3,0.179,16.75977653631285,8.591999999999999
207,4,0.2009999999999999,19.90049751243782,7.235999999999997
208,8,0.175,45.71428571428572,3.15
209,5,0.209,23.92344497607656,6.019199999999999
210,5,0.194,25.77319587628866,5.5872
211,2,0.22,9.090909090909092,15.839999999999998
212,2,0.219,9.1324200913242,15.768000000000004
213,2,0.175,11.428571428571429,12.600000000000001
214,2,0.216,9.25925925925926,15.552
215,4,0.165,24.24242424242424,5.940000000000001
216,4,0.185,21.62162162162162,6.66
217,8,0.189,42.32804232804233,3.4019999999999997
218,5,0.16,31.25,4.6080000000000005
219,1,0.1089999999999999,9.174311926605514,15.695999999999986
220,4,0.154,25.97402597402597,5.544000000000001
221,6,0.182,32.96703296703297,4.367999999999999
222,2,0.16,12.5,11.52
223,5,0.125,40.0,3.6
224,5,0.155,32.25806451612903,4.464
225,5,0.1659999999999999,30.120481927710863,4.7807999999999975
226,6,0.153,39.21568627450981,3.672
227,3,0.077,38.96103896103896,3.696
228,5,0.126,39.68253968253968,3.6288000000000005
229,5,0.1359999999999999,36.76470588235297,3.9167999999999967
230,2,0.15,13.333333333333334,10.8
231,5,0.159,31.446540880503143,4.5792
232,4,0.14,28.57142857142857,5.04
233,2,0.16,12.5,11.52
234,8,0.161,49.68944099378882,2.898
235,1,0.159,6.289308176100628,22.896000000000004
236,2,0.132,15.15151515151515,9.504000000000001
237,2,0.1089999999999999,18.348623853211027,7.847999999999993
238,5,0.151,33.11258278145696,4.3488
239,2,0.132,15.15151515151515,9.504000000000001
240,4,0.185,21.62162162162162,6.66
241,5,0.187,26.737967914438503,5.3856
242,4,0.19,21.05263157894737,6.84
243,3,0.187,16.0427807486631,8.976
244,3,0.206,14.563106796116504,9.888
245,7,0.142,49.29577464788733,2.9211428571428573
246,2,0.152,13.157894736842106,10.944
247,5,0.1689999999999999,29.585798816568065,4.867199999999997
248,2,0.2029999999999999,9.852216748768477,14.615999999999994
249,12,0.183,65.57377049180327,2.196
250,5,0.12,41.66666666666667,3.456
251,2,0.136,14.705882352941176,9.792000000000002
252,2,0.138,14.492753623188404,9.936000000000002
253,4,0.132,30.3030303030303,4.752000000000001
254,5,0.1589999999999999,31.446540880503168,4.579199999999997
255,3,0.1619999999999999,18.51851851851853,7.775999999999995
256,5,0.162,30.8641975308642,4.6655999999999995
257,10,0.2,50.0,2.88
258,4,0.177,22.598870056497177,6.372
259,12,0.193,62.17616580310881,2.3160000000000003
260,6,0.187,32.0855614973262,4.488
261,5,0.193,25.906735751295336,5.5584
262,4,0.19,21.05263157894737,6.84
263,6,0.1629999999999999,36.80981595092027,3.9119999999999977
264,5,0.176,28.40909090909091,5.0687999999999995
265,6,0.154,38.96103896103896,3.696
266,7,0.142,49.29577464788733,2.9211428571428573
267,6,0.177,33.898305084745765,4.247999999999999
268,2,0.145,13.793103448275865,10.439999999999998
269,3,0.142,21.126760563380284,6.815999999999999
270,3,0.1319999999999999,22.727272727272744,6.335999999999996
271,4,0.154,25.97402597402597,5.544000000000001
272,6,0.175,34.285714285714285,4.2
273,4,0.122,32.78688524590164,4.392
274,2,0.145,13.793103448275865,10.439999999999998
275,5,0.151,33.11258278145696,4.3488
276,4,0.174,22.98850574712644,6.264
277,3,0.1,30.0,4.8
278,6,0.084,71.42857142857143,2.016
279,6,0.1529999999999999,39.21568627450983,3.6719999999999975
280,3,0.188,15.95744680851064,9.023999999999997
281,4,0.174,22.98850574712644,6.264
282,10,0.179,55.865921787709496,2.5776
283,4,0.193,20.72538860103627,6.948
284,2,0.136,14.705882352941176,9.792000000000002
285,4,0.142,28.169014084507044,5.112
286,6,0.149,40.26845637583893,3.576
287,4,0.158,25.31645569620253,5.688
288,5,0.1679999999999999,29.76190476190478,4.8383999999999965
289,1,0.1559999999999999,6.410256410256415,22.463999999999984
290,5,0.184,27.17391304347826,5.2992
291,1,0.139,7.194244604316546,20.016000000000002
292,3,0.1,30.0,4.8
293,4,0.096,41.66666666666666,3.456000000000001
294,2,0.13,15.384615384615383,9.36
295,1,0.183,5.46448087431694,26.352000000000004
296,1,0.133,7.518796992481203,19.151999999999997
297,5,0.192,26.041666666666668,5.529599999999999
298,5,0.173,28.901734104046245,4.9824
299,1,0.1699999999999999,5.882352941176474,24.479999999999986
300,9,0.192,46.875,3.072
301,8,0.1709999999999999,46.78362573099418,3.077999999999998
302,1,0.148,6.756756756756757,21.312
303,6,0.1609999999999999,37.26708074534164,3.863999999999998
304,1,0.216,4.62962962962963,31.104
305,13,0.145,89.65517241379311,1.606153846153846
306,1,0.1389999999999999,7.194244604316552,20.015999999999988
307,6,0.112,53.57142857142857,2.688
308,3,0.11,27.27272727272728,5.2799999999999985
309,6,0.072,83.33333333333334,1.728
310,4,0.08,50.0,2.88
311,3,0.144,20.833333333333336,6.912
312,8,0.208,38.46153846153846,3.744
313,5,0.215,23.25581395348837,6.192000000000001
314,10,0.178,56.17977528089888,2.5632
315,3,0.151,19.86754966887417,7.248000000000001
316,3,0.199,15.07537688442211,9.552000000000001
317,7,0.225,31.11111111111111,4.628571428571429
318,7,0.21,33.333333333333336,4.32
319,4,0.178,22.471910112359552,6.4079999999999995
320,6,0.184,32.608695652173914,4.4159999999999995
321,16,0.154,103.8961038961039,1.3860000000000001
322,5,0.09,55.55555555555556,2.592
323,5,0.18,27.77777777777778,5.184
324,4,0.1679999999999999,23.809523809523824,6.0479999999999965
325,5,0.198,25.252525252525253,5.7024
326,5,0.18,27.77777777777778,5.184
327,7,0.192,36.458333333333336,3.9497142857142857
328,2,0.188,10.638297872340424,13.536000000000001
329,7,0.155,45.16129032258065,3.1885714285714286
330,10,0.154,64.93506493506493,2.2176
331,9,0.158,56.962025316455694,2.528
332,7,0.1699999999999999,41.17647058823532,3.497142857142855
333,8,0.193,41.45077720207254,3.474
334,3,0.208,14.423076923076923,9.984
335,8,0.174,45.97701149425288,3.132
336,3,0.094,31.91489361702128,4.511999999999999
337,5,0.174,28.73563218390805,5.0112
338,5,0.209,23.92344497607656,6.019199999999999
339,1,0.208,4.807692307692308,29.951999999999998
340,2,0.212,9.433962264150944,15.264
341,6,0.18,33.333333333333336,4.32
342,9,0.177,50.84745762711864,2.8320000000000007
343,5,0.191,26.17801047120419,5.5008
344,1,0.187,5.347593582887701,26.928
345,7,0.1679999999999999,41.66666666666669,3.4559999999999977
346,2,0.1669999999999999,11.976047904191624,12.023999999999994
347,5,0.1679999999999999,29.76190476190478,4.8383999999999965
348,5,0.164,30.48780487804878,4.7232
349,4,0.173,23.121387283236995,6.228
350,7,0.173,40.46242774566474,3.558857142857143
351,1,0.183,5.46448087431694,26.352000000000004
352,1,0.1619999999999999,6.172839506172844,23.32799999999998
353,3,0.097,30.927835051546392,4.656000000000001
354,6,0.141,42.55319148936171,3.3839999999999995
355,6,0.18,33.333333333333336,4.32
356,4,0.189,21.164021164021165,6.803999999999999
357,6,0.193,31.088082901554404,4.632000000000001
358,5,0.19,26.31578947368421,5.472
359,5,0.1699999999999999,29.41176470588237,4.895999999999997
360,4,0.18,22.22222222222222,6.48
361,4,0.184,21.73913043478261,6.624
362,7,0.175,40.0,3.6
363,5,0.1679999999999999,29.76190476190478,4.8383999999999965
364,9,0.186,48.38709677419355,2.976
365,4,0.19,21.05263157894737,6.84
366,6,0.194,30.927835051546392,4.656000000000001
367,5,0.148,33.78378378378378,4.2623999999999995
368,4,0.179,22.3463687150838,6.444
369,7,0.175,40.0,3.6
370,6,0.158,37.974683544303794,3.7920000000000007
371,8,0.151,52.980132450331126,2.718
372,4,0.1609999999999999,24.844720496894425,5.795999999999997
373,5,0.155,32.25806451612903,4.464
374,6,0.166,36.14457831325301,3.9840000000000004
375,4,0.202,19.8019801980198,7.272000000000002
376,3,0.153,19.607843137254903,7.344
377,6,0.136,44.11764705882353,3.2640000000000002
378,3,0.0809999999999999,37.03703703703708,3.887999999999996
379,5,0.129,38.75968992248062,3.7152000000000003
380,3,0.1669999999999999,17.964071856287436,8.015999999999995
381,8,0.158,50.63291139240506,2.844
382,5,0.175,28.571428571428573,5.04
383,3,0.098,30.612244897959183,4.704000000000001
384,4,0.199,20.10050251256281,7.164000000000002
385,1,0.145,6.896551724137932,20.879999999999995
386,10,0.1509999999999999,66.22516556291394,2.174399999999999
387,4,0.158,25.31645569620253,5.688
388,8,0.198,40.4040404040404,3.5640000000000005
389,4,0.181,22.099447513812155,6.516
390,7,0.193,36.26943005181347,3.9702857142857146
391,7,0.185,37.83783783783784,3.8057142857142856
392,5,0.195,25.64102564102564,5.6160000000000005
393,7,0.19,36.8421052631579,3.908571428571428
394,2,0.154,12.987012987012989,11.088
395,7,0.188,37.234042553191486,3.867428571428572
396,5,0.19,26.31578947368421,5.472
397,11,0.198,55.55555555555555,2.5920000000000005
398,6,0.18,33.333333333333336,4.32
399,3,0.164,18.29268292682927,7.872000000000001
400,7,0.192,36.458333333333336,3.9497142857142857
401,3,0.198,15.15151515151515,9.504000000000001
402,4,0.135,29.629629629629623,4.860000000000001
404,2,0.197,10.152284263959393,14.183999999999997
405,2,0.151,13.245033112582782,10.872
406,1,0.094,10.638297872340424,13.536000000000001
407,6,0.127,47.24409448818898,3.048
408,2,0.1699999999999999,11.764705882352947,12.239999999999993
409,11,0.161,68.32298136645963,2.1076363636363635
410,5,0.137,36.4963503649635,3.945600000000001
411,4,0.102,39.21568627450981,3.672
412,3,0.135,22.22222222222222,6.48
413,7,0.1639999999999999,42.68292682926832,3.373714285714284
414,6,0.155,38.70967741935484,3.72
415,3,0.1549999999999999,19.35483870967744,7.4399999999999915
416,2,0.1379999999999999,14.492753623188417,9.935999999999993
417,2,0.151,13.245033112582782,10.872
418,4,0.128,31.25,4.6080000000000005
419,7,0.1169999999999999,59.82905982905988,2.406857142857141
420,2,0.08,25.0,5.76
421,4,0.111,36.03603603603604,3.996
422,4,0.1,40.0,3.6
423,5,0.048,104.16666666666669,1.3823999999999999
424,6,0.078,76.92307692307692,1.872
425,6,0.146,41.09589041095891,3.5039999999999996
426,4,0.148,27.027027027027028,5.328
427,4,0.099,40.4040404040404,3.5640000000000005
428,3,0.131,22.900763358778622,6.288000000000001
429,3,0.1699999999999999,17.647058823529424,8.159999999999995
430,7,0.158,44.30379746835443,3.250285714285714
431,2,0.141,14.184397163120568,10.152
432,3,0.121,24.793388429752067,5.808
434,5,0.135,37.03703703703704,3.888
435,3,0.103,29.12621359223301,4.944
436,1,0.09,11.11111111111111,12.96
437,3,0.12,25.0,5.76
438,2,0.092,21.73913043478261,6.624
439,2,0.105,19.047619047619047,7.56
440,1,0.038,26.31578947368421,5.472
441,4,0.098,40.81632653061224,3.5280000000000005
442,4,0.098,40.81632653061224,3.5280000000000005
443,3,0.128,23.4375,6.144
444,6,0.1149999999999999,52.17391304347831,2.7599999999999976
445,2,0.1319999999999999,15.151515151515165,9.503999999999992
446,8,0.1349999999999999,59.2592592592593,2.4299999999999984
447,3,0.111,27.027027027027028,5.328
448,4,0.132,30.3030303030303,4.752000000000001
449,3,0.1,30.0,4.8
451,1,0.0829999999999999,12.048192771084352,11.951999999999986
452,5,0.1,50.0,2.88
454,3,0.168,17.857142857142858,8.064
455,2,0.14,14.285714285714285,10.08
456,5,0.131,38.167938931297705,3.7728
457,2,0.095,21.05263157894737,6.84
458,3,0.056,53.57142857142857,2.688
459,6,0.191,31.413612565445025,4.584
460,3,0.162,18.51851851851852,7.776
461,4,0.137,29.1970802919708,4.932
462,4,0.095,42.10526315789474,3.42
463,2,0.1339999999999999,14.92537313432837,9.647999999999993
464,7,0.11,63.63636363636363,2.2628571428571433
465,2,0.12,16.666666666666668,8.64
466,3,0.124,24.193548387096776,5.952
467,1,0.126,7.936507936507937,18.144
468,7,0.137,51.0948905109489,2.8182857142857145
469,5,0.147,34.013605442176875,4.2336
470,1,0.098,10.20408163265306,14.112000000000002
471,3,0.1369999999999999,21.89781021897812,6.575999999999995
472,2,0.133,15.037593984962406,9.575999999999999
473,4,0.102,39.21568627450981,3.672
474,3,0.122,24.59016393442623,5.856
475,4,0.136,29.41176470588235,4.896000000000001
476,3,0.1149999999999999,26.08695652173916,5.519999999999993
477,4,0.072,55.55555555555556,2.592
478,1,0.0669999999999999,14.925373134328378,9.647999999999987
479,2,0.145,13.793103448275865,10.439999999999998
480,4,0.118,33.898305084745765,4.247999999999999
482,1,0.056,17.857142857142858,8.064
483,2,0.127,15.748031496062993,9.144
484,3,0.125,24.0,6.000000000000001
485,3,0.1339999999999999,22.388059701492555,6.431999999999995
486,2,0.117,17.094017094017094,8.424
487,6,0.1369999999999999,43.79562043795624,3.2879999999999976
488,4,0.1289999999999999,31.007751937984523,4.643999999999997
491,4,0.125,32.0,4.5
492,2,0.1089999999999999,18.348623853211027,7.847999999999993
494,1,0.0329999999999999,30.3030303030304,4.751999999999986
496,2,0.026,76.92307692307692,1.872
499,2,0.023,86.95652173913044,1.656
503,1,0.045,22.22222222222222,6.48
504,2,0.027,74.07407407407408,1.944
507,1,0.052,19.23076923076923,7.488
509,1,0.0279999999999999,35.71428571428584,4.031999999999986
510,1,0.03,33.333333333333336,4.32
511,5,0.125,40.0,3.6
512,4,0.143,27.972027972027973,5.148
513,4,0.12,33.333333333333336,4.32
514,2,0.1089999999999999,18.348623853211027,7.847999999999993
515,2,0.1089999999999999,18.348623853211027,7.847999999999993
516,1,0.072,13.88888888888889,10.368
517,5,0.088,56.81818181818182,2.5343999999999998
518,3,0.123,24.390243902439025,5.904
525,1,0.023,43.47826086956522,3.312
534,1,0.026,38.46153846153846,3.744
535,1,0.008,125.0,1.1520000000000001
540,2,0.026,76.92307692307692,1.872
541,1,0.045,22.22222222222222,6.48
542,1,0.0339999999999999,29.41176470588244,4.895999999999986
543,1,0.025,40.0,3.6
544,1,0.055,18.181818181818183,7.919999999999999
547,1,0.012,83.33333333333333,1.7280000000000002
551,1,0.014,71.42857142857143,2.016
558,1,0.042,23.809523809523807,6.048000000000001
560,1,0.017,58.8235294117647,2.4480000000000004
561,1,0.019,52.631578947368425,2.736
562,1,0.061,16.39344262295082,8.784
564,2,0.048,41.66666666666666,3.456000000000001
565,1,0.037,27.027027027027028,5.328
572,2,0.024,83.33333333333333,1.7280000000000002
573,1,0.022,45.45454545454546,3.1679999999999997
574,2,0.021,95.23809523809524,1.512
575,2,0.064,31.25,4.6080000000000005
576,1,0.059,16.949152542372882,8.495999999999999
581,1,0.0169999999999999,58.82352941176505,2.4479999999999857
587,1,0.027,37.03703703703704,3.888
588,1,0.042,23.809523809523807,6.048000000000001
589,3,0.022,136.36363636363637,1.0559999999999998
595,1,0.007,142.85714285714286,1.008
597,1,0.038,26.31578947368421,5.472
600,1,0.024,41.66666666666666,3.456000000000001
605,6,0.034,176.47058823529412,0.8160000000000001
606,1,0.024,41.66666666666666,3.456000000000001
607,2,0.065,30.769230769230766,4.68
608,1,0.063,15.873015873015872,9.072000000000001
610,1,0.026,38.46153846153846,3.744
613,1,0.008,125.0,1.1520000000000001
614,1,0.026,38.46153846153846,3.744
615,1,0.043,23.25581395348837,6.192000000000001
616,1,0.011,90.90909090909092,1.5839999999999999
619,2,0.022,90.90909090909092,1.5839999999999999
621,1,0.043,23.25581395348837,6.192000000000001
622,1,0.041,24.390243902439025,5.904
623,1,0.045,22.22222222222222,6.48
625,2,0.046,43.47826086956522,3.312
626,1,0.038,26.31578947368421,5.472
637,4,0.0349999999999999,114.28571428571462,1.2599999999999962
641,1,0.028,35.714285714285715,4.032
643,1,0.012,83.33333333333333,1.7280000000000002
645,1,0.013,76.92307692307692,1.872
650,2,0.026,76.92307692307692,1.872
651,1,0.039,25.64102564102564,5.6160000000000005
652,3,0.059,50.84745762711864,2.8320000000000007
658,1,0.014,71.42857142857143,2.016
659,1,0.028,35.714285714285715,4.032
660,2,0.051,39.21568627450981,3.672
661,1,0.023,43.47826086956522,3.312
663,3,0.029,103.44827586206895,1.3920000000000001
664,1,0.0839999999999999,11.90476190476192,12.095999999999986
666,1,0.058,17.241379310344826,8.352
672,1,0.02,50.0,2.88
673,2,0.059,33.898305084745765,4.247999999999999
674,1,0.039,25.64102564102564,5.6160000000000005
682,2,0.031,64.51612903225806,2.232
683,1,0.04,25.0,5.76
684,1,0.071,14.084507042253522,10.224
685,2,0.0699999999999999,28.571428571428616,5.039999999999993
692,2,0.036,55.55555555555556,2.592
693,2,0.0419999999999999,47.61904761904773,3.0239999999999934
694,3,0.046,65.21739130434783,2.2079999999999997
698,1,0.029,34.48275862068965,4.176
700,1,0.026,38.46153846153846,3.744
701,1,0.052,19.23076923076923,7.488
710,1,0.0349999999999999,28.57142857142865,5.039999999999987
716,1,0.025,40.0,3.6
717,1,0.027,37.03703703703704,3.888
721,3,0.0209999999999999,142.85714285714354,1.0079999999999951
724,2,0.018,111.11111111111111,1.296
726,2,0.042,47.61904761904761,3.0240000000000005
727,3,0.103,29.12621359223301,4.944
728,2,0.085,23.52941176470588,6.120000000000001
729,2,0.04,50.0,2.88
730,6,0.052,115.3846153846154,1.2479999999999998
732,2,0.046,43.47826086956522,3.312
733,2,0.069,28.98550724637681,4.968000000000001
735,1,0.081,12.34567901234568,11.664
736,1,0.0689999999999999,14.492753623188428,9.935999999999984
738,2,0.061,32.78688524590164,4.392
739,1,0.063,15.873015873015872,9.072000000000001
740,1,0.039,25.64102564102564,5.6160000000000005
741,1,0.033,30.3030303030303,4.752000000000001
742,2,0.016,125.0,1.1520000000000001
743,2,0.0569999999999999,35.08771929824567,4.103999999999993
744,2,0.08,25.0,5.76
745,2,0.039,51.282051282051285,2.8080000000000003
746,1,0.066,15.15151515151515,9.504000000000001
748,1,0.039,25.64102564102564,5.6160000000000005
749,1,0.065,15.384615384615383,9.36
750,2,0.032,62.5,2.3040000000000003
753,1,0.014,71.42857142857143,2.016
754,2,0.0139999999999999,142.85714285714388,1.0079999999999927
755,2,0.038,52.631578947368425,2.736
758,3,0.019,157.89473684210526,0.912
759,1,0.053,18.867924528301888,7.632
762,1,0.056,17.857142857142858,8.064
764,2,0.048,41.66666666666666,3.456000000000001
767,3,0.086,34.88372093023256,4.127999999999999
768,1,0.065,15.384615384615383,9.36
769,4,0.063,63.49206349206349,2.2680000000000002
773,2,0.025,80.0,1.8
778,1,0.036,27.77777777777778,5.184
781,2,0.041,48.78048780487805,2.952
783,3,0.044,68.18181818181819,2.1119999999999997
784,2,0.031,64.51612903225806,2.232
785,1,0.061,16.39344262295082,8.784
786,1,0.061,16.39344262295082,8.784
787,1,0.054,18.51851851851852,7.776
790,1,0.024,41.66666666666666,3.456000000000001
792,1,0.033,30.3030303030303,4.752000000000001
793,1,0.015,66.66666666666667,2.16
794,1,0.027,37.03703703703704,3.888
795,1,0.024,41.66666666666666,3.456000000000001
799,2,0.049,40.81632653061224,3.5280000000000005
805,1,0.044,22.72727272727273,6.335999999999999
807,5,0.043,116.27906976744188,1.2384
808,3,0.04,75.0,1.9200000000000002
811,1,0.018,55.55555555555556,2.592
813,1,0.032,31.25,4.6080000000000005
816,1,0.041,24.390243902439025,5.904
819,2,0.023,86.95652173913044,1.656
825,1,0.03,33.333333333333336,4.32
827,1,0.018,55.55555555555556,2.592
834,2,0.0679999999999999,29.4117647058824,4.895999999999992
835,2,0.073,27.39726027397261,5.2559999999999985
836,1,0.086,11.627906976744187,12.384
838,2,0.062,32.25806451612903,4.464
839,1,0.074,13.513513513513514,10.656
840,1,0.02,50.0,2.88
841,1,0.058,17.241379310344826,8.352
842,1,0.021,47.61904761904761,3.0240000000000005
843,1,0.019,52.631578947368425,2.736
844,1,0.01,100.0,1.44
846,3,0.071,42.25352112676057,3.4079999999999995
848,1,0.047,21.27659574468085,6.768
849,1,0.031,32.25806451612903,4.464
853,1,0.033,30.3030303030303,4.752000000000001
854,4,0.046,86.95652173913044,1.656
855,1,0.023,43.47826086956522,3.312
857,1,0.014,71.42857142857143,2.016
858,1,0.028,35.714285714285715,4.032
